customer_code,brand,item,qty,sales,avg_price,contribution_pct,growth_pct_last3_vs_prev3
000,اسبشيال,بانيه 900 جرام اسباشيل كيس,200.0,12060.0,60.3,0.018204522454384902,
000,اسبشيال,برجر اسبشيال صغير طبق,120.0,3672.0,30.6,0.005542869523424656,
000,اسبشيال,برجر اسبشيال عائلى طبق,36.0,2448.0,68.0,0.003695246348949771,
000,اسبشيال,كفته اسبيشيال صغير طبق,100.0,2975.0,29.75,0.004490750771293124,
001,اسبشيال,بانيه 900 جرام اسباشيل كيس,20.0,1240.0,62.0,0.0018717751113961258,
001,اسبشيال,برجر اسبشيال عائلى طبق,12.0,816.0,68.0,0.001231748782983257,
001,اسبشيال,كفته اسبيشيال عائلى طبق,24.0,1591.2,66.3,0.002401910126817351,
006,اسبشيال,بانيه 900 جرام اسباشيل كيس,30.0,1860.0,62.0,0.0028076626670941887,
007,ابوهاشم,برجر ابو هاشم جامبو 1.5 كيلو طبق,18.0,3240.0,180.0,0.0048907672265511674,
007,ابوهاشم,عجينة بقرى 5 ك,66.0,30360.0,460.0,0.04582830030805353,
007,اسبشيال,بانيه 900 جرام اسباشيل كيس,20.0,1240.0,62.0,0.0018717751113961258,
007,اسبشيال,برجر اسبشيال عائلى طبق,12.0,816.0,68.0,0.001231748782983257,
007,الهنا,استربس الهنا 900 جرام,20.0,3100.0,155.0,0.004679437778490315,
007,الهنا,سجق الهنا 5 كيلو طبق,60.0,22200.0,370.0,0.033510812478220964,
008,ابوهاشم,سجق شرقى 3 ك ابو هاشم كيس 3 كيلو,3.0,1125.0,375.0,0.001698183064774711,
008,ابوهاشم,عجينة بقرى 5 ك,6.0,2760.0,460.0,0.004166209118913957,
008,اسبشيال,استربس اسبشيال 900 جرام,10.0,1650.0,165.0,0.0024906684950029095,
008,اسبشيال,بانيه 900 جرام اسباشيل كيس,20.0,1240.0,62.0,0.0018717751113961258,
008,اسبشيال,برجر اسبشيال صغير طبق,45.0,1377.0,30.6,0.0020785760712842462,
008,اسبشيال,برجر اسبشيال عائلى طبق,36.0,2448.0,68.0,0.003695246348949771,
008,اسبشيال,كفته اسبيشيال عائلى طبق,24.0,1591.2,66.3,0.002401910126817351,
008,الهنا,سجق الهنا 5 كيلو طبق,2.0,740.0,370.0,0.0011170270826073654,
009,ابوهاشم,سجق شرقى 3 ك ابو هاشم كيس 3 كيلو,10.0,3750.0,375.0,0.005660610215915703,
009,اسبشيال,بانيه 900 جرام اسباشيل كيس,20.0,1240.0,62.0,0.0018717751113961258,
009,اسبشيال,برجر اسبشيال صغير طبق,75.0,2295.0,30.6,0.00346429345214041,
009,الهنا,سجق الهنا 5 كيلو طبق,10.0,3700.0,370.0,0.005585135413036827,
010,الهنا,استربس الهنا 900 جرام,90.0,13950.0,155.0,0.021057470003206416,
011,اسبشيال,برجر اسبشيال صغير طبق,45.0,1377.0,30.6,0.0020785760712842462,
011,اسبشيال,برجر اسبشيال عائلى طبق,24.0,1632.0,68.0,0.002463497565966514,
011,اسبشيال,كفته اسبيشيال عائلى طبق,12.0,795.6,66.3,0.0012009550634086755,
012,اسبشيال,بانيه 900 جرام اسباشيل كيس,10.0,620.0,62.0,0.0009358875556980629,
012,اسبشيال,برجر اسبشيال عائلى طبق,12.0,816.0,68.0,0.001231748782983257,
012,اسبشيال,كفته اسبيشيال عائلى طبق,12.0,795.6,66.3,0.0012009550634086755,
012,الهنا,استربس الهنا 900 جرام,10.0,1550.0,155.0,0.0023397188892451573,
012,الهنا,بانيه 800 جرام طبق,12.0,660.0,55.0,0.0009962673980011638,
012,الهنا,برجر الهنا 800 جرام طبق,12.0,622.2,51.85,0.0009392084470247335,
012,الهنا,كفته الهنا 800 جرام طبق,12.0,683.4,56.949999999999996,0.0010315896057484777,
013,ابوهاشم,سجق شرقى 3 ك ابو هاشم كيس 3 كيلو,48.0,18000.0,375.0,0.027170929036395376,
013,ابوهاشم,عجينة بقرى 5 ك,12.0,5520.0,460.0,0.008332418237827915,
013,اسبشيال,استربس اسبشيال 900 جرام,10.0,1650.0,165.0,0.0024906684950029095,
013,اسبشيال,بانيه 900 جرام اسباشيل كيس,12.0,600.0,50.0,0.0009056976345465125,
013,الهنا,استربس الهنا 900 جرام,10.0,1550.0,155.0,0.0023397188892451573,
013,الهنا,سجق الهنا 5 كيلو طبق,64.0,23680.0,370.0,0.035744866643435694,
013,الهنا,عجينه سجق 5 كيلو الهنا طبق,5.0,1250.0,250.0,0.001886870071971901,
014,ابوهاشم,عجينة بقرى 5 ك,1.0,460.0,460.0,0.0006943681864856596,
014,اسبشيال,بانيه 900 جرام اسباشيل كيس,1.0,62.0,62.0,9.358875556980629e-05,
015,اسبشيال,بانيه 900 جرام اسباشيل كيس,10.0,620.0,62.0,0.0009358875556980629,
015,اسبشيال,برجر اسبشيال عائلى طبق,12.0,816.0,68.0,0.001231748782983257,
015,اسبشيال,كفته اسبيشيال عائلى طبق,12.0,795.6,66.3,0.0012009550634086755,
015,الهنا,استربس الهنا 900 جرام,10.0,1550.0,155.0,0.0023397188892451573,
015,الهنا,بانيه 800 جرام طبق,12.0,660.0,55.0,0.0009962673980011638,
015,الهنا,برجر الهنا 800 جرام طبق,12.0,622.2,51.85,0.0009392084470247335,
015,الهنا,كفته الهنا 800 جرام طبق,12.0,683.4,56.949999999999996,0.0010315896057484777,
016,اسبشيال,بانيه 900 جرام اسباشيل كيس,10.0,620.0,62.0,0.0009358875556980629,
016,اسبشيال,برجر اسبشيال عائلى طبق,12.0,816.0,68.0,0.001231748782983257,
016,اسبشيال,كفته اسبيشيال عائلى طبق,12.0,795.6,66.3,0.0012009550634086755,
016,الهنا,استربس الهنا 900 جرام,10.0,1550.0,155.0,0.0023397188892451573,
016,الهنا,بانيه 800 جرام طبق,12.0,660.0,55.0,0.0009962673980011638,
016,الهنا,برجر الهنا 800 جرام طبق,12.0,622.2,51.85,0.0009392084470247335,
016,الهنا,كفته الهنا 800 جرام طبق,12.0,683.4,56.949999999999996,0.0010315896057484777,
017,ابوهاشم,عجينة بقرى 5 ك,1.0,460.0,460.0,0.0006943681864856596,
017,الهنا,استربس الهنا 900 جرام,1.0,155.0,155.0,0.00023397188892451573,
018,اسبشيال,برجر اسبشيال عائلى طبق,1.0,68.0,68.0,0.00010264573191527142,
019,اسبشيال,بانيه 900 جرام اسباشيل كيس,1020.0,59400.0,58.23529411764706,0.08966406582010474,
019,اسبشيال,برجر اسبشيال صغير طبق,855.0,25245.0,29.526315789473685,0.038107227973544516,
019,اسبشيال,برجر اسبشيال عائلى طبق,636.0,38352.0,60.301886792452834,0.05789219280021308,
019,اسبشيال,كفته اسبيشيال صغير طبق,855.0,23651.25,27.662280701754387,0.035701468631780336,
019,اسبشيال,كفته اسبيشيال عائلى طبق,648.0,36597.6,56.477777777777774,0.05524393291679908,
020,ابوهاشم,عجينة بقرى 5 ك,6.0,2760.0,460.0,0.004166209118913957,
020,اسبشيال,بانيه 900 جرام اسباشيل كيس,300.0,17480.0,58.266666666666666,0.026385991086455063,
021,اسبشيال,برجر اسبشيال عائلى طبق,12.0,816.0,68.0,0.001231748782983257,
022,اسبشيال,بانيه 900 جرام اسباشيل كيس,10.0,620.0,62.0,0.0009358875556980629,
023,اسبشيال,برجر اسبشيال صغير طبق,15.0,424.95,28.33,0.0006414603496675674,
023,اسبشيال,كفته اسبيشيال صغير طبق,15.0,413.25,27.55,0.0006237992457939105,
024,اسبشيال,برجر اسبشيال عائلى طبق,12.0,816.0,68.0,0.001231748782983257,
024,اسبشيال,كفته اسبيشيال عائلى طبق,12.0,795.6,66.3,0.0012009550634086755,
024,الهنا,بانيه 800 جرام طبق,12.0,660.0,55.0,0.0009962673980011638,
024,الهنا,برجر الهنا 800 جرام طبق,12.0,622.2,51.85,0.0009392084470247335,
024,الهنا,كفته الهنا 800 جرام طبق,12.0,683.4,56.949999999999996,0.0010315896057484777,
025,ابوهاشم,برجر ابو هاشم 1 ك طبق,5.0,595.0,119.0,0.000898150154258625,
025,ابوهاشم,برجر ابو هاشم جامبو 1.5 كيلو طبق,1.0,180.0,180.0,0.0002717092903639537,
025,ابوهاشم,سجق 350 جم ابو هاشم طبق,5.0,275.0,55.0,0.0004151114158338182,
025,ابوهاشم,سجق 800 ابو هاشم طبق,5.0,595.0,119.0,0.000898150154258625,
025,ابوهاشم,كبده اسكندرانى 400 طبق,10.0,780.0,78.0,0.0011774069249104663,
025,ابوهاشم,كفته 350 جم ابو هاشم طبق,11.0,555.5,50.5,0.0008385250599843128,
025,ابوهاشم,كفته ابو هاشم 800 طبق,14.0,1477.0,105.5,0.0022295256770419984,
025,ابوهاشم,مفروم صافى 400 جم طبق,5.0,500.0,100.0,0.0007547480287887604,
025,اسبشيال,بانيه 900 جرام اسباشيل كيس,5.0,300.0,60.0,0.00045284881727325623,
025,الهنا,استربس الهنا 900 جرام,5.0,775.0,155.0,0.0011698594446225786,
025,الهنا,بانيه 800 جرام طبق,5.0,275.0,55.0,0.0004151114158338182,
026,ابوهاشم,سجق شرقى 3 ك ابو هاشم كيس 3 كيلو,8.0,3000.0,375.0,0.004528488172732562,
026,اسبشيال,برجر اسبشيال صغير طبق,75.0,2295.0,30.6,0.00346429345214041,
026,اسبشيال,برجر اسبشيال عائلى طبق,24.0,1632.0,68.0,0.002463497565966514,
026,اسبشيال,كفته اسبيشيال صغير طبق,75.0,2231.25,29.75,0.003368063078469843,
026,اسبشيال,كفته اسبيشيال عائلى طبق,24.0,1591.2,66.3,0.002401910126817351,
026,الهنا,استربس الهنا 900 جرام,30.0,4650.0,155.0,0.0070191566677354714,
026,الهنا,بانيه 800 جرام طبق,36.0,1980.0,55.0,0.0029888021940034913,
026,الهنا,برجر الهنا 400 جرام طبق,15.0,433.5,28.9,0.0006543665409598552,
026,الهنا,سجق الهنا 350 طبق,15.0,459.0,30.6,0.000692858690428082,
026,الهنا,كفته الهنا 350 طبق,15.0,408.0,27.2,0.0006158743914916285,
027,اسبشيال,بانيه 900 جرام اسباشيل كيس,1.0,60.0,60.0,9.056976345465124e-05,
028,اسبشيال,استربس اسبشيال 900 جرام,3.0,495.0,165.0,0.0007472005485008728,
028,اسبشيال,بانيه 900 جرام اسباشيل كيس,3.0,180.0,60.0,0.0002717092903639537,
029,اسبشيال,برجر اسبشيال صغير طبق,1.0,0.0,0.0,0.0,
029,اسبشيال,سجق اسبيشيال صغير طبق,1.0,0.0,0.0,0.0,
029,اسبشيال,كفته اسبيشيال صغير طبق,1.0,0.0,0.0,0.0,
030,اسبشيال,بانيه 900 جرام اسباشيل كيس,130.0,7800.0,60.0,0.011774069249104662,
030,اسبشيال,برجر اسبشيال صغير طبق,30.0,918.0,30.6,0.001385717380856164,
030,اسبشيال,برجر اسبشيال عائلى طبق,84.0,5712.0,68.0,0.0086222414808828,
030,اسبشيال,كفته اسبيشيال صغير طبق,30.0,892.5,29.75,0.0013472252313879373,
030,اسبشيال,كفته اسبيشيال عائلى طبق,24.0,1591.2,66.3,0.002401910126817351,
031,ابوهاشم,كبده اسكندرانى 400 طبق,40.0,3120.0,78.0,0.004709627699641865,
031,ابوهاشم,مفروم صويا 400 جم طبق,56.0,3920.0,70.0,0.005917224545703882,
031,اسبشيال,استربس اسبشيال 900 جرام,81.0,13200.0,162.96296296296296,0.019925347960023276,
031,اسبشيال,بانيه 900 جرام اسباشيل كيس,101.0,6000.0,59.40594059405941,0.009056976345465125,
031,اسبشيال,برجر اسبشيال صغير طبق,226.0,6885.0,30.464601769911503,0.010392880356421231,
031,اسبشيال,برجر اسبشيال عائلى طبق,120.0,8160.0,68.0,0.012317487829832571,
031,اسبشيال,سجق اسبيشيال صغير طبق,121.0,3978.0,32.87603305785124,0.006004775317043378,
031,اسبشيال,كفته اسبيشيال صغير طبق,121.0,3570.0,29.50413223140496,0.005388900925551749,
031,اسبشيال,كفته اسبيشيال عائلى طبق,60.0,3978.0,66.3,0.006004775317043378,
032,ابوهاشم,كبده اسكندرانى 400 طبق,20.0,1560.0,78.0,0.0023548138498209327,
032,ابوهاشم,مفروم صافى 400 جم طبق,20.0,2000.0,100.0,0.0030189921151550416,
032,اسبشيال,استربس اسبشيال 900 جرام,20.0,3300.0,165.0,0.004981336990005819,
032,اسبشيال,بانيه 900 جرام اسباشيل كيس,10.0,600.0,60.0,0.0009056976345465125,
032,اسبشيال,برجر اسبشيال صغير طبق,29.0,939.6,32.4,0.0014183224956998385,
032,اسبشيال,برجر اسبشيال عائلى طبق,24.0,1728.0,72.0,0.002608409187493956,
032,اسبشيال,سجق اسبيشيال صغير طبق,21.0,737.1,35.1,0.0011126495440403905,
032,اسبشيال,سجق اسبيشيال عائلى طبق,18.0,1360.8000000000002,75.60000000000001,0.0020541222351514905,
032,اسبشيال,كفته اسبيشيال صغير طبق,21.0,661.5,31.5,0.00099853164208753,
032,اسبشيال,كفته اسبيشيال عائلى طبق,18.0,1263.6,70.19999999999999,0.0019073992183549552,
033,ابوهاشم,برجر ابو هاشم جامبو 1.5 كيلو طبق,18.0,3240.0,180.0,0.0048907672265511674,
033,ابوهاشم,عجينة بقرى 5 ك,15.0,6900.0,460.0,0.010415522797284894,
033,ابوهاشم,كفته ابو هاشم 800 طبق,32.0,3369.6,105.3,0.005086397915613214,
033,اسبشيال,بانيه 900 جرام اسباشيل كيس,80.0,4800.0,60.0,0.0072455810763721,
033,اسبشيال,برجر اسبشيال عائلى طبق,48.0,3264.0,68.0,0.004926995131933028,
034,ابوهاشم,برجر ابو هاشم 1 ك طبق,12.0,1428.0,119.0,0.0021555603702207,
034,ابوهاشم,برجر ابو هاشم جامبو 1.5 كيلو طبق,9.0,1620.0,180.0,0.0024453836132755837,
034,ابوهاشم,سجق 350 جم ابو هاشم طبق,20.0,1100.0,55.0,0.0016604456633352728,
034,ابوهاشم,سجق 800 ابو هاشم طبق,16.0,1904.0,119.0,0.0028740804936275995,
034,ابوهاشم,كبده اسكندرانى 400 طبق,20.0,1560.0,78.0,0.0023548138498209327,
034,ابوهاشم,كفته 350 جم ابو هاشم طبق,20.0,1010.0,50.5,0.001524591018153296,
034,ابوهاشم,كفته ابو هاشم 800 طبق,16.0,1688.0,105.5,0.0025480293451908553,
034,ابوهاشم,مفروم صافى 400 جم طبق,20.0,2000.0,100.0,0.0030189921151550416,
034,اسبشيال,استربس اسبشيال 900 جرام,10.0,1650.0,165.0,0.0024906684950029095,
034,اسبشيال,بانيه 900 جرام اسباشيل كيس,10.0,600.0,60.0,0.0009056976345465125,
035,ابوهاشم,عجينة بقرى 5 ك,1.0,460.0,460.0,0.0006943681864856596,
036,الهنا,برجر الهنا 400 جرام طبق,45.0,1300.5,28.9,0.001963099622879566,
036,الهنا,برجر الهنا 900 جرام طبق,204.0,12138.0,59.5,0.018322263146875947,
036,الهنا,كفته الهنا 350 طبق,30.0,816.0,27.2,0.001231748782983257,
036,الهنا,كفته الهنا 800 جرام طبق,48.0,2050.2,42.7125,0.003094768817245433,
037,ابوهاشم,عجينة بقرى 5 ك,12.0,5520.0,460.0,0.008332418237827915,
1,ابوهاشم,ام اكس طبق,15.0,13500.0,900.0,0.02037819677729653,
1,ابوهاشم,برجر 1200 جم طبق,2.0,120.0,60.0,0.0001811395269093025,
1,ابوهاشم,برجر 400 جم ابو هاشم طبق,104.0,2580.0,24.807692307692307,0.003894499828550004,
1,ابوهاشم,برجر ابو هاشم 1 ك طبق,36.0,3802.0,105.61111111111111,0.005739104010909734,-68.37837837837839
1,ابوهاشم,برجر ابو هاشم 600 جرام طبق,7.0,455.0,65.0,0.000686820706197772,
1,ابوهاشم,برجر ابو هاشم جامبو 1.5 كيلو طبق,247.0,38470.0,155.748987854251,0.05807031333500722,-81.81818181818183
1,ابوهاشم,بفتيك 600 جرام طبق,3.0,540.0,180.0,0.0008151278710918613,
1,ابوهاشم,تشكيله هندى امامى كيلو,21.64,5367.2,248.02218114602587,0.00810176724023007,-77.27272727272727
1,ابوهاشم,جلد فراخ طبق,15.0,390.0,26.0,0.0005887034624552332,
1,ابوهاشم,سجق 350 جم ابو هاشم طبق,27.0,1165.0,43.148148148148145,0.0017585629070778117,
1,ابوهاشم,سجق 800 ابو هاشم طبق,155.0,14630.0,94.38709677419355,0.02208392732235913,-58.08656036446469
1,ابوهاشم,سجق شرقى 3 ك ابو هاشم كيس 3 كيلو,123.0,39350.0,319.9186991869919,0.05939866986567544,-43.45442083618917
1,ابوهاشم,شاورما 400 جم طبق,4.0,380.0,95.0,0.0005736085018794579,
1,ابوهاشم,عجينة بقرى 1 ك كيلو,10.0,900.0,90.0,0.0013585464518197686,
1,ابوهاشم,عجينة بقرى 5 ك,1.0,460.0,460.0,0.0006943681864856596,
1,ابوهاشم,كبده 3 كيلو كيس 3 كيلو,8.0,4290.0,536.25,0.006475738087007565,
1,ابوهاشم,كبده اسكندرانى 400 طبق,218.0,15076.0,69.1559633027523,0.022757162564038702,15.68477429227238
1,ابوهاشم,كتف هندى طبق,5.6,1064.0,190.0,0.001606103805262482,
1,ابوهاشم,كرتونه كبده امريكى كيلو,5.0,850.0,170.0,0.0012830716489408926,
1,ابوهاشم,كفته 350 جم ابو هاشم طبق,76.0,3145.0,41.38157894736842,0.004747365101081303,
1,ابوهاشم,كفته ابو هاشم 800 طبق,202.0,17985.0,89.03465346534654,0.027148286595531715,-13.680781758957655
1,ابوهاشم,كيلو اسكندرانى طبق,48.5,8072.5,166.44329896907217,0.012185406924794537,19.53125
1,ابوهاشم,كيلو برجر طبق,18.0,3600.0,200.0,0.0054341858072790745,
1,ابوهاشم,كيلو سجق طبق,26.2,2643.0,100.87786259541986,0.003989598080177388,
1,ابوهاشم,كيلو سجق مخصوص طبق,43.0,7870.0,183.02325581395348,0.011879733973135088,
1,ابوهاشم,كيلو قطع ه طبق,4.0,1000.0,250.0,0.0015094960575775208,
1,ابوهاشم,كيلو كفته طبق,28.0,3080.0,110.0,0.004649247857338764,260.0
1,ابوهاشم,كيلو كفته مخصوص 1 طبق,12.0,2040.0,170.0,0.0030793719574581427,
1,ابوهاشم,كيلو كفته مخصوص 1 كيلو,6.0,1020.0,170.0,0.0015396859787290714,
1,ابوهاشم,كيلو كفته مخصوص 2 طبق,37.0,6290.0,170.0,0.009494730202162606,
1,ابوهاشم,كيلو مفروم هندى كيلو,239.0,53800.5,225.10669456066947,0.08121164264569941,-53.383068698635604
1,ابوهاشم,مفروم 3 كيلو كيس 3 كيلو,5.0,3120.0,624.0,0.004709627699641865,
1,ابوهاشم,مفروم صافى 400 جم طبق,78.0,5948.0,76.25641025641026,0.008978482550471093,-12.631578947368421
1,ابوهاشم,مفروم فراخ A طبق,5.0,300.0,60.0,0.00045284881727325623,
1,ابوهاشم,موزه طبق,7.3,1981.0,271.36986301369865,0.002990311690061069,
1,اسبشيال,استربس اسبشيال 900 جرام,13.0,2135.0,164.23076923076923,0.003222774082928007,
1,اسبشيال,بانيه 800 جرام اسباشيل كيس,15.0,750.0,50.0,0.0011321220431831406,
1,اسبشيال,بانيه 900 جرام اسباشيل كيس,11.0,655.0,59.54545454545455,0.0009887199177132761,-21.311475409836063
1,اسبشيال,برجر اسبشيال طبق,45.0,2370.0,52.666666666666664,0.0035775056564587245,
1,اسبشيال,برجر اسبشيال عائلى طبق,21.0,1388.0,66.0952380952381,0.002095180527917599,203.4782608695652
1,اسبشيال,برجر اسبشيال مخصوص 1 ك طبق,114.9,19433.0,169.1296779808529,0.02933403688690396,
1,اسبشيال,سجق اسباشيل 1 كيلو طبق,21.0,3570.0,170.0,0.005388900925551749,
1,اسبشيال,سجق اسبيشيال عائلى طبق,5.0,364.2,72.84,0.000549758464169733,
1,اسبشيال,عجينة سجق اسباشيل بقرى 250 جرام طبق,25.0,437.5,17.5,0.0006604045251901654,
1,اسبشيال,عجينة سجق اسبشيال نصف كيلو طبق,4.0,140.0,35.0,0.00021132944806085291,
1,اسبشيال,عجينة سجق بقرى 5 ك اسبشيال طبق,6.0,2100.0,350.0,0.0031699417209127938,
1,اسبشيال,كفته اسبيشيال صغير طبق,2.0,59.5,29.75,8.981501542586248e-05,
1,اسبشيال,كفته اسبيشيال عائلى طبق,34.0,2061.2,60.6235294117647,0.0031113732738787857,83.13043478260869
1,الهنا,استربس الهنا 1 كيلو,32.25,3475.0,107.75193798449612,0.005245498800081885,
1,الهنا,استربس الهنا 800 جرام,15.0,2250.0,150.0,0.003396366129549422,
1,الهنا,استربس الهنا 900 جرام,22.0,3420.0,155.45454545454547,0.005162476516915121,
1,الهنا,بانيه 700 جرام طبق,1.0,44.0,44.0,6.641782653341091e-05,
1,الهنا,بانيه 800 جرام طبق,164.5,8304.0,50.48024316109422,0.012534855262123732,-82.72727272727273
1,الهنا,بانيه 900 جرام طبق,82.0,4685.0,57.13414634146341,0.0070719890297506844,
1,الهنا,برجر الهنا 400 جرام طبق,29.0,709.75,24.474137931034484,0.0010713648268656454,
1,الهنا,برجر الهنا 900 جرام طبق,63.0,3176.8,50.42539682539683,0.004795367075712268,
1,الهنا,سجق الهنا 350 طبق,2.0,30.0,15.0,4.528488172732562e-05,
1,الهنا,سجق الهنا 5 كيلو طبق,13.0,4000.0,307.6923076923077,0.006037984230310083,
1,الهنا,سجق الهنا 800 جرام طبق,8.0,485.0,60.625,0.0007321055879250975,-6.666666666666667
1,الهنا,كفته الهنا 350 طبق,77.0,25.0,0.3246753246753247,3.7737401439438015e-05,
1,الهنا,كفته الهنا 800 جرام طبق,82.0,3405.0,41.52439024390244,0.005139834076051459,
1,غير مصنف,برجر مخصوص 600 جرام طبق,29.0,2900.0,100.0,0.00437753856697481,
1,غير مصنف,بكرة لزق شفاف طبق,1.0,25.0,25.0,3.7737401439438015e-05,
1,غير مصنف,جلتومات الصوديوم طبق,25.0,1875.0,75.0,0.0028303051079578514,
1,غير مصنف,صميد طبق,250.0,3625.0,14.5,0.005471923208718513,
1,غير مصنف,عجينه حواوشي طبق,2.0,480.0,240.0,0.00072455810763721,
1,غير مصنف,كفته حاتي سيخ طبق,1.0,40.0,40.0,6.0379842303100836e-05,
1,غير مصنف,كيلو استربس,10.0,1450.0,145.0,0.002188769283487405,
1,غير مصنف,كيلو عجينة سجق مخصوص طبق,3.0,450.0,150.0,0.0006792732259098843,
"1,000",ابوهاشم,عجينة بقرى 5 ك,1.0,460.0,460.0,0.0006943681864856596,
"1,000",اسبشيال,برجر اسبشيال عائلى طبق,12.0,816.0,68.0,0.001231748782983257,
"1,000",اسبشيال,كفته اسبيشيال عائلى طبق,12.0,795.6,66.3,0.0012009550634086755,
"1,001",اسبشيال,استربس اسبشيال 900 جرام,20.0,3300.0,165.0,0.004981336990005819,
"1,001",اسبشيال,بانيه 900 جرام اسباشيل كيس,10.0,620.0,62.0,0.0009358875556980629,
"1,001",اسبشيال,برجر اسبشيال عائلى طبق,8.0,544.0,68.0,0.0008211658553221714,
"1,001",اسبشيال,كفته اسبيشيال صغير طبق,15.0,446.25,29.75,0.0006736126156939687,
"1,001",اسبشيال,كفته اسبيشيال عائلى طبق,12.0,795.6,66.3,0.0012009550634086755,
"1,001",الهنا,بانيه 800 جرام طبق,12.0,684.0,57.0,0.0010324953033830242,
"1,002",ابوهاشم,عجينة بقرى 5 ك,1.0,460.0,460.0,0.0006943681864856596,
"1,003",اسبشيال,استربس اسبشيال 900 جرام,10.0,1700.0,170.0,0.002566143297881785,
"1,003",اسبشيال,برجر اسبشيال عائلى طبق,12.0,960.0,80.0,0.00144911621527442,
"1,003",اسبشيال,كفته اسبيشيال عائلى طبق,12.0,936.0,78.0,0.0014128883098925595,
"1,003",الهنا,بانيه 800 جرام طبق,12.0,696.0,58.0,0.0010506092560739545,
"1,004",اسبشيال,استربس اسبشيال 900 جرام,10.0,1650.0,165.0,0.0024906684950029095,
"1,004",اسبشيال,برجر اسبشيال صغير طبق,15.0,540.0,36.0,0.0008151278710918613,
"1,004",اسبشيال,سجق اسبيشيال صغير طبق,15.0,585.0,39.0,0.0008830551936828496,
"1,004",اسبشيال,كفته اسبيشيال صغير طبق,15.0,525.0,35.0,0.0007924854302281984,
"1,004",الهنا,بانيه 800 جرام طبق,12.0,696.0,58.0,0.0010506092560739545,
"1,005",اسبشيال,برجر اسبشيال عائلى طبق,12.0,960.0,80.0,0.00144911621527442,
"1,005",اسبشيال,كفته اسبيشيال عائلى طبق,12.0,936.0,78.0,0.0014128883098925595,
"1,006",اسبشيال,بانيه 900 جرام اسباشيل كيس,30.0,1860.0,62.0,0.0028076626670941887,
"1,006",اسبشيال,برجر اسبشيال عائلى طبق,1.0,0.0,0.0,0.0,
"1,007",الهنا,سجق الهنا 5 كيلو طبق,33.0,12210.0,370.0,0.01843094686302153,
10,ابوهاشم,برجر 1200 جم طبق,2.0,168.0,84.0,0.0002535953376730235,
10,ابوهاشم,برجر 400 جم ابو هاشم طبق,141.0,4667.360000000001,33.10184397163121,0.007045361519295018,
10,ابوهاشم,برجر ابو هاشم 1 ك طبق,49.0,4155.0,84.79591836734694,0.006271956119234599,7.142857142857142
10,ابوهاشم,برجر ابو هاشم 600 جرام طبق,22.0,1100.0,50.0,0.0016604456633352728,
10,ابوهاشم,برجر ابو هاشم جامبو 1.5 كيلو طبق,66.0,8230.0,124.6969696969697,0.012423152553862995,-13.333333333333334
10,ابوهاشم,بفتيك 400 جم طبق,95.0,8170.0,86.0,0.012332582790408345,
10,ابوهاشم,سجق 350 جم ابو هاشم طبق,681.0,23246.3,34.13553597650514,0.035090198203264325,-1.2188354263868657
10,ابوهاشم,سجق 800 ابو هاشم طبق,1105.0,79669.0,72.09864253393665,0.1202600414111435,-2.388875683384835
10,ابوهاشم,سجق شرقى 3 ك ابو هاشم كيس 3 كيلو,78.0,20707.0,265.47435897435895,0.03125713486425773,30.868248359414434
10,ابوهاشم,شاورما 400 جم طبق,30.0,2580.0,86.0,0.003894499828550004,
10,ابوهاشم,طبق ممبار طبق,118.0,4115.92,34.88067796610169,0.0062129650133044695,-73.02047360631475
10,ابوهاشم,كبده 3 كيلو كيس 3 كيلو,26.0,13540.0,520.7692307692307,0.020438576619599632,
10,ابوهاشم,كبده اسكندرانى 400 طبق,2886.0,183429.0,63.55821205821206,0.276885352345387,-7.65283402955958
10,ابوهاشم,كفته 350 جم ابو هاشم طبق,306.0,9732.8,31.806535947712415,0.014691623229190492,3.225806451612899
10,ابوهاشم,كفته ابو هاشم 800 طبق,360.0,23913.0,66.425,0.03609657922485125,-13.62557903061801
10,ابوهاشم,كيلو مفروم هندى كيلو,322.0,71214.0,221.1614906832298,0.10749725224432558,1.9386208638545086
10,ابوهاشم,مفروم 3 كيلو كيس 3 كيلو,15.0,9840.0,656.0,0.014853441206562804,
10,ابوهاشم,مفروم صافى 400 جم طبق,2096.0,153012.80000000002,73.00229007633588,0.2309722183588977,-20.71712068054672
10,ابوهاشم,موزه طبق,166.24,46430.18,279.2960779595765,0.07008617366261466,
10,اسبشيال,استربس اسبشيال 900 جرام,50.0,7250.0,145.0,0.010943846417437026,
10,اسبشيال,بانيه 900 جرام اسباشيل كيس,6.0,330.0,55.0,0.0004981336990005819,
10,الهنا,استربس الهنا 800 جرام,6.0,900.0,150.0,0.0013585464518197686,
10,الهنا,استربس الهنا 900 جرام,6.0,870.0,145.0,0.0013132615700924431,
10,غير مصنف,كفته حاتي سيخ طبق,10.0,400.0,40.0,0.0006037984230310082,
208,اسبشيال,بانيه 800 جرام اسباشيل كيس,1.0,0.0,0.0,0.0,
208,اسبشيال,برجر اسبشيال صغير طبق,1.0,0.0,0.0,0.0,
208,اسبشيال,سجق اسبيشيال صغير طبق,1.0,0.0,0.0,0.0,
208,اسبشيال,كفته اسبيشيال صغير طبق,1.0,0.0,0.0,0.0,
262,ابوهاشم,سجق 350 جم ابو هاشم طبق,10.0,450.0,45.0,0.0006792732259098843,
262,ابوهاشم,كبده اسكندرانى 400 طبق,60.0,4380.0,73.0,0.00661159273218954,
262,ابوهاشم,كفته 350 جم ابو هاشم طبق,9.0,360.0,40.0,0.0005434185807279074,
262,ابوهاشم,مفروم صافى 400 جم طبق,100.0,8800.0,88.0,0.013283565306682182,0.0
27,ابوهاشم,برجر 400 جم ابو هاشم طبق,40.0,1800.0,45.0,0.0027170929036395373,
27,ابوهاشم,سجق 350 جم ابو هاشم طبق,105.0,4725.0,45.0,0.007132368872053786,
27,ابوهاشم,سجق 800 ابو هاشم طبق,36.0,3420.0,95.0,0.005162476516915121,
27,ابوهاشم,كبده اسكندرانى 400 طبق,100.0,6800.0,68.0,0.01026457319152714,
27,ابوهاشم,كفته 350 جم ابو هاشم طبق,60.0,2400.0,40.0,0.00362279053818605,
27,ابوهاشم,كفته ابو هاشم 800 طبق,24.0,2160.0,90.0,0.0032605114843674452,
27,ابوهاشم,مفروم صافى 400 جم طبق,100.0,8000.0,80.0,0.012075968460620166,
270,ابوهاشم,برجر 400 جم ابو هاشم طبق,10.0,450.0,45.0,0.0006792732259098843,
270,ابوهاشم,سجق 350 جم ابو هاشم طبق,65.0,3024.0,46.52307692307692,0.004564716078114423,
270,ابوهاشم,كبده اسكندرانى 400 طبق,320.0,23060.0,72.0625,0.034808979087737627,200.0
270,ابوهاشم,كفته 350 جم ابو هاشم طبق,20.0,904.0,45.2,0.0013645844360500787,
270,ابوهاشم,كفته ابو هاشم 800 طبق,5.0,450.0,90.0,0.0006792732259098843,
270,ابوهاشم,مفروم صافى 400 جم طبق,320.0,27200.0,85.0,0.04105829276610856,200.0
270,اسبشيال,استربس اسبشيال 900 جرام,10.0,1650.0,165.0,0.0024906684950029095,
3,ابوهاشم,برجر 400 جم ابو هاشم طبق,140.0,6300.0,45.0,0.009509825162738381,
3,ابوهاشم,برجر ابو هاشم 1 ك طبق,17.0,2019.6,118.8,0.003048578237883561,
3,ابوهاشم,برجر ابو هاشم جامبو 1.5 كيلو طبق,15.0,2610.0,174.0,0.003939784710277329,
3,ابوهاشم,بفتيك 400 جم طبق,40.0,4325.0,108.125,0.006528570449022777,
3,ابوهاشم,تشكيله برازيلى كيلو,9.47,2698.95,284.99999999999994,0.004074054384598849,
3,ابوهاشم,سجق 350 جم ابو هاشم طبق,300.0,13846.5,46.155,0.02090123716124714,150.0
3,ابوهاشم,سجق 800 ابو هاشم طبق,220.0,21376.0,97.16363636363636,0.03226698772677708,0.0
3,ابوهاشم,شاورما 400 جم طبق,40.0,4125.0,103.125,0.006226671237507274,
3,ابوهاشم,كبده اسكندرانى 400 طبق,1467.0,103076.0,70.26312201772325,0.15559281563086055,200.0
3,ابوهاشم,كفته 350 جم ابو هاشم طبق,220.0,9112.0,41.41818181818182,0.01375452807664637,100.0
3,ابوهاشم,كفته ابو هاشم 800 طبق,216.0,19933.2,92.28333333333333,0.03008908681490424,111.79487179487178
3,ابوهاشم,مفروم صافى 400 جم طبق,1544.0,126560.0,81.96891191709845,0.19104182104701103,200.0
328,ابوهاشم,برجر 400 جم ابو هاشم طبق,500.0,22320.0,44.64,0.03369195200513027,
328,ابوهاشم,برجر ابو هاشم 1 ك طبق,516.0,57187.2,110.82790697674417,0.08632385294389719,4.291845493562231
328,ابوهاشم,برجر ابو هاشم جامبو 1.5 كيلو طبق,224.0,38018.8,169.72678571428574,0.057389228713828254,
328,ابوهاشم,سجق 350 جم ابو هاشم طبق,1200.0,56772.0,47.31,0.08569711018079101,10.909090909090908
328,ابوهاشم,سجق 800 ابو هاشم طبق,608.0,61644.799999999996,101.38947368421051,0.09305258257015475,-11.597746359094305
328,ابوهاشم,سجق شرقى 3 ك ابو هاشم كيس 3 كيلو,197.0,65255.2,331.2446700507614,0.09850246713643263,189.027466367713
328,ابوهاشم,كفته 350 جم ابو هاشم طبق,920.0,39152.0,42.55652173913043,0.059099789646275096,1.4084507042253522
328,ابوهاشم,كفته ابو هاشم 800 طبق,656.0,61473.6,93.70975609756097,0.09279415684509748,-14.509394572025066
328,اسبشيال,برجر اسبشيال صغير طبق,60.0,1494.0,24.9,0.0022551871100208163,
328,اسبشيال,برجر اسبشيال عائلى طبق,48.0,2739.0,57.0625,0.004134509701704829,
328,اسبشيال,سجق اسبيشيال صغير طبق,30.0,1089.38,36.31266666666667,0.0016444148152037997,
328,اسبشيال,عجينة سجق اسبشيال نصف كيلو طبق,2.0,0.0,0.0,0.0,
328,اسبشيال,كفته اسبيشيال صغير طبق,60.0,1369.5,22.825,0.0020672548508524147,
328,اسبشيال,كفته اسبيشيال عائلى طبق,24.0,1269.9,52.9125,0.0019169090435176938,
328,الهنا,استربس الهنا 900 جرام,10.0,1550.0,155.0,0.0023397188892451573,
328,الهنا,برجر الهنا 400 جرام طبق,5400.0,132966.47999999998,24.623422222222217,0.20071237734996025,18.265741347503766
328,الهنا,برجر الهنا 900 جرام طبق,3348.0,170516.58000000002,50.930878136200725,0.257394105261602,-58.610135299641755
328,الهنا,سجق الهنا 350 طبق,5220.0,137245.5,26.292241379310344,0.20717154117025563,27.97992471769134
328,الهنا,سجق الهنا 5 كيلو طبق,33.0,9900.0,300.0,0.014944010970017458,
328,الهنا,كفته الهنا 350 طبق,15735.0,325351.1,20.676904988878295,0.49111620277850976,-10.4367525420157
328,الهنا,كفته الهنا 800 جرام طبق,4080.0,197317.68,48.36217647058823,0.2978502600503428,-42.57528905619791
343,ابوهاشم,كبده اسكندرانى 400 طبق,20.0,1360.0,68.0,0.0020529146383054283,
343,ابوهاشم,مفروم صافى 400 جم طبق,20.0,1600.0,80.0,0.002415193692124033,
36,ابوهاشم,برجر 1200 جم طبق,2771.0,387018.0,139.66726813424756,0.584202145211537,-6.170323026429434
36,ابوهاشم,برجر ابو هاشم 1 ك طبق,108.0,13556.8,125.52592592592592,0.020463936153366932,
36,ابوهاشم,برجر ابو هاشم 600 جرام طبق,5068.0,329420.0,65.0,0.49725819128718696,
36,ابوهاشم,برجر ابو هاشم جامبو 1.5 كيلو طبق,2796.0,481800.0,172.3175965665236,0.7272752005408495,-39.42307692307692
36,ابوهاشم,سجق 350 جم ابو هاشم طبق,889.0,42024.6,47.27176602924634,0.06343596802127227,-26.893576222435282
36,ابوهاشم,سجق 800 ابو هاشم طبق,2991.0,302923.20000000007,101.27823470411236,0.45726137614876694,-31.14360730990593
36,ابوهاشم,سجق شرقى 3 ك ابو هاشم كيس 3 كيلو,1345.0,449750.0,334.3866171003717,0.6788958518954901,-15.588615782664942
36,ابوهاشم,كبده 3 كيلو كيس 3 كيلو,10.0,5400.0,540.0,0.008151278710918612,
36,ابوهاشم,كبده اسكندرانى 400 طبق,831.0,59173.0,71.20697954271961,0.08932141021503463,0.0
36,ابوهاشم,كفته 350 جم ابو هاشم طبق,280.0,11616.0,41.48571428571429,0.017534306204820483,-44.24778761061947
36,ابوهاشم,كفته ابو هاشم 800 طبق,3488.0,327384.0,93.86009174311927,0.4941848573139591,-50.09774302470233
36,اسبشيال,استربس اسبشيال 900 جرام,20.0,3300.0,165.0,0.004981336990005819,
360,اسبشيال,برجر اسبشيال عائلى طبق,12.0,816.0,68.0,0.001231748782983257,
370,ابوهاشم,سجق شرقى 3 ك ابو هاشم كيس 3 كيلو,3.0,960.0,320.0,0.00144911621527442,
370,الهنا,برجر الهنا 400 جرام طبق,14.0,331.17,23.655,0.0004998998093879476,
370,الهنا,سجق الهنا 350 طبق,165.0,4108.5,24.9,0.006201764552557245,
370,الهنا,كفته الهنا 350 طبق,16.0,366.03,22.876875,0.0005525208419551,
388,اسبشيال,بانيه 900 جرام اسباشيل كيس,30.0,1650.0,55.0,0.0024906684950029095,
388,اسبشيال,برجر اسبشيال صغير طبق,660.0,16605.0,25.15909090909091,0.025065182036074732,
388,اسبشيال,برجر اسبشيال عائلى طبق,564.0,32708.25,57.993351063829785,0.049372974425259945,
388,اسبشيال,كفته اسبيشيال صغير طبق,750.0,17326.479999999996,23.101973333333326,0.026154253251695757,
388,اسبشيال,كفته اسبيشيال عائلى طبق,216.0,11750.400000000001,54.400000000000006,0.017737182474958903,
388,الهنا,بانيه 800 جرام طبق,60.0,3000.0,50.0,0.004528488172732562,
388,الهنا,برجر الهنا 400 جرام طبق,75.0,1799.77,23.996933333333335,0.0027167457195462945,
388,الهنا,برجر الهنا 900 جرام طبق,60.0,2955.42,49.257,0.0044611948384857564,
388,الهنا,كفته الهنا 350 طبق,60.0,1386.0,23.1,0.002092161535802444,
388,الهنا,كفته الهنا 800 جرام طبق,60.0,2829.12,47.152,0.0042705454864137155,
389,الهنا,برجر الهنا 900 جرام طبق,60.0,2913.3,48.555,0.004397614864540591,
4,ابوهاشم,برجر 400 جم ابو هاشم طبق,95.0,4275.0,45.0,0.006453095646143901,
4,ابوهاشم,بفتيك 400 جم طبق,41.0,4305.0,105.0,0.0064983805278712265,
4,ابوهاشم,سجق 350 جم ابو هاشم طبق,510.0,23593.5,46.26176470588236,0.03561429523445524,-81.81818181818183
4,ابوهاشم,سجق 800 ابو هاشم طبق,167.0,16103.0,96.42514970059881,0.02430741501517082,
4,ابوهاشم,شاورما 400 جم طبق,22.0,2200.0,100.0,0.0033208913266705455,
4,ابوهاشم,كبده اسكندرانى 400 طبق,3713.0,264489.0,71.23323458120119,0.3992451027726209,-81.00436681222706
4,ابوهاشم,كفته 350 جم ابو هاشم طبق,100.0,4104.0,41.04,0.006194971820298146,
4,ابوهاشم,كفته ابو هاشم 800 طبق,13.0,1170.0,90.0,0.0017661103873656992,
4,ابوهاشم,مفروم صافى 400 جم طبق,4168.0,345220.0,82.82629558541267,0.5211082289969117,-88.65784499054821
417,ابوهاشم,برجر ابو هاشم 1 ك طبق,1.0,110.0,110.0,0.00016604456633352729,
417,اسبشيال,بانيه 800 جرام اسباشيل كيس,36.0,1800.0,50.0,0.0027170929036395373,
417,اسبشيال,بانيه 900 جرام اسباشيل كيس,50.0,2750.0,55.0,0.004151114158338182,
417,اسبشيال,برجر اسبشيال صغير طبق,7.0,178.5,25.5,0.0002694450462775875,
417,اسبشيال,برجر اسبشيال عائلى طبق,6.0,350.62,58.43666666666667,0.0005292595077078303,
417,الهنا,بانيه 800 جرام طبق,468.0,23400.0,50.0,0.03532220774731399,
417,الهنا,بانيه 900 جرام طبق,30.0,1800.0,60.0,0.0027170929036395373,
417,الهنا,برجر الهنا 400 جرام طبق,480.0,11264.619999999999,23.467958333333332,0.01700389948010889,
417,الهنا,برجر الهنا 900 جرام طبق,720.0,35802.0,49.725,0.054042977853390406,
417,الهنا,سجق الهنا 350 طبق,75.0,1912.5,25.5,0.0028869112101170087,
417,الهنا,كفته الهنا 350 طبق,675.0,14375.609999999997,21.297199999999997,0.02169992662027198,
417,الهنا,كفته الهنا 800 جرام طبق,372.0,17707.2,47.6,0.026728948590736677,
438,الهنا,بانيه 800 جرام طبق,12.0,600.0,50.0,0.0009056976345465125,
438,الهنا,برجر الهنا 400 جرام طبق,1560.0,38749.84,24.839641025641022,0.05849273071175971,-52.994372336618845
438,الهنا,برجر الهنا 900 جرام طبق,4212.0,217225.68,51.573048433048434,0.3279013075645961,-23.950617283950617
438,الهنا,سجق الهنا 350 طبق,3090.0,81472.5,26.366504854368934,0.12298241755098456,-46.03174603174603
438,الهنا,سجق الهنا 5 كيلو طبق,2.0,600.0,300.0,0.0009056976345465125,
438,الهنا,كفته الهنا 350 طبق,3750.0,64318.09,17.151490666666664,0.09708790328591616,-46.91674009224517
438,الهنا,كفته الهنا 800 جرام طبق,6756.0,332378.52,49.19753108348135,0.5017240655634512,-49.660080848195754
454,ابوهاشم,سجق شرقى 3 ك ابو هاشم كيس 3 كيلو,5.0,1600.0,320.0,0.002415193692124033,
454,الهنا,برجر الهنا 900 جرام طبق,120.0,6313.92,52.616,0.009530837347859861,
454,الهنا,سجق الهنا 5 كيلو طبق,7.0,2100.0,300.0,0.0031699417209127938,
454,الهنا,كفته الهنا 800 جرام طبق,12.0,584.64,48.72,0.0008825117751021218,
455,اسبشيال,استربس اسبشيال 900 جرام,10.0,1650.0,165.0,0.0024906684950029095,
455,اسبشيال,بانيه 900 جرام اسباشيل كيس,10.0,620.0,62.0,0.0009358875556980629,
455,الهنا,بانيه 900 جرام طبق,40.0,2200.0,55.0,0.0033208913266705455,
455,الهنا,برجر الهنا 400 جرام طبق,1365.0,35731.86,26.177186813186815,0.05393710179991191,-48.0
455,الهنا,برجر الهنا 900 جرام طبق,2364.0,118983.0,50.33121827411168,0.17960436941874616,-55.00000000000001
455,الهنا,كفته الهنا 350 طبق,1140.0,28598.24,25.08617543859649,0.04316893053365576,-38.095238095238095
455,الهنا,كفته الهنا 800 جرام طبق,16200.0,788409.0,48.66722222222222,1.1901002772586358,-24.180327868852462
460,الهنا,برجر الهنا 400 جرام طبق,330.0,7848.91,23.78457575757576,0.011847898701280779,
460,الهنا,برجر الهنا 900 جرام طبق,624.0,32005.74,51.291250000000005,0.048312538349851164,60.0
460,الهنا,كفته الهنا 350 طبق,75.0,1027.12,13.694933333333331,0.0015504335906590231,
460,الهنا,كفته الهنا 800 جرام طبق,7992.0,405894.83999999997,50.78764264264264,0.6126966607710586,837.5
47,ابوهاشم,سجق شرقى 3 ك ابو هاشم كيس 3 كيلو,1439.0,467710.0,325.0243224461432,0.7060064010895822,34.672830725462305
47,الهنا,برجر الهنا 900 جرام طبق,24.0,1193.4,49.725,0.0018014325951130135,
47,الهنا,سجق الهنا 800 جرام طبق,24.0,1244.4,51.85,0.001878416894049467,
47,الهنا,كفته الهنا 800 جرام طبق,12.0,571.2,47.6,0.0008622241480882799,
475,اسبشيال,بانيه 900 جرام اسباشيل كيس,30.0,1800.0,60.0,0.0027170929036395373,
475,الهنا,استربس الهنا 900 جرام,20.0,3100.0,155.0,0.004679437778490315,
475,الهنا,بانيه 800 جرام طبق,744.0,38640.0,51.935483870967744,0.05832692766479541,-80.23952095808383
475,الهنا,بانيه 900 جرام طبق,36.0,1944.0,54.0,0.0029344603359307,
475,الهنا,برجر الهنا 400 جرام طبق,330.0,7806.1449999999995,23.654984848484848,0.011783345102378476,
475,الهنا,سجق الهنا 350 طبق,330.0,8302.5,25.15909090909091,0.012532591018037366,
475,الهنا,سجق الهنا 5 كيلو طبق,4.0,1200.0,300.0,0.001811395269093025,
475,الهنا,كفته الهنا 350 طبق,855.0,18262.859999999997,21.360070175438594,0.027567715170090195,-88.62816035408787
475,الهنا,كفته الهنا 800 جرام طبق,1068.0,51902.16,48.597528089887646,0.07834610589975771,-55.950884656289276
48,ابوهاشم,برجر 400 جم ابو هاشم طبق,10.0,450.0,45.0,0.0006792732259098843,
48,ابوهاشم,برجر ابو هاشم 1 ك طبق,8.0,880.0,110.0,0.0013283565306682183,
48,ابوهاشم,برجر ابو هاشم جامبو 1.5 كيلو طبق,5.0,850.0,170.0,0.0012830716489408926,
48,ابوهاشم,سجق 350 جم ابو هاشم طبق,10.0,450.0,45.0,0.0006792732259098843,
48,ابوهاشم,سجق 800 ابو هاشم طبق,8.0,760.0,95.0,0.0011472170037589158,
48,ابوهاشم,كبده اسكندرانى 400 طبق,20.0,1460.0,73.0,0.0022038642440631805,
48,ابوهاشم,كفته 350 جم ابو هاشم طبق,10.0,400.0,40.0,0.0006037984230310082,
48,ابوهاشم,كفته ابو هاشم 800 طبق,8.0,720.0,90.0,0.0010868371614558149,
48,ابوهاشم,مفروم صافى 400 جم طبق,20.0,1600.0,80.0,0.002415193692124033,
48,اسبشيال,بانيه 800 جرام اسباشيل كيس,12.0,624.0,52.0,0.000941925539928373,
5,ابوهاشم,برجر 400 جم ابو هاشم طبق,20.0,900.0,45.0,0.0013585464518197686,
5,ابوهاشم,سجق 350 جم ابو هاشم طبق,30.0,1350.0,45.0,0.002037819677729653,
5,ابوهاشم,كبده اسكندرانى 400 طبق,140.0,10020.0,71.57142857142857,0.015125150496926757,0.0
5,ابوهاشم,كفته 350 جم ابو هاشم طبق,30.0,1200.0,40.0,0.001811395269093025,
5,ابوهاشم,مفروم صافى 400 جم طبق,200.0,16800.0,84.0,0.02535953376730235,-61.53846153846154
50,ابوهاشم,سجق 350 جم ابو هاشم طبق,200.0,8550.0,42.75,0.012906191292287802,
50,ابوهاشم,سجق شرقى 3 ك ابو هاشم كيس 3 كيلو,8218.0,2781780.0,338.4984181065953,4.199085943047995,21.119140861560822
50,ابوهاشم,عجينة بقرى 1 ك كيلو,1.0,0.0,0.0,0.0,
50,ابوهاشم,كبده 3 كيلو كيس 3 كيلو,66.0,34320.0,520.0,0.05180590469606052,
50,ابوهاشم,كبده اسكندرانى 400 طبق,105.0,7455.0,71.0,0.011253293109240416,
50,ابوهاشم,كفته 350 جم ابو هاشم طبق,380.0,14000.0,36.8421052631579,0.021132944806085293,
50,ابوهاشم,كفته ابو هاشم 800 طبق,48.0,4320.0,90.0,0.0065210229687348905,
50,ابوهاشم,مفروم صافى 400 جم طبق,100.0,7400.0,74.0,0.011170270826073653,
50,ابوهاشم,مفروم صويا 400 جم طبق,598.0,32890.0,55.0,0.04964732533372466,
50,اسبشيال,برجر اسبشيال صغير طبق,4215.0,112463.25,26.681672597864768,0.16976283249735513,-43.14824248599083
50,اسبشيال,برجر اسبشيال عائلى طبق,900.0,56358.75,62.62083333333333,0.0850733109349971,-83.03886925795054
50,اسبشيال,سجق اسبيشيال صغير طبق,165.0,5991.57,36.31254545454545,0.009044251293699745,
50,اسبشيال,عجينة سجق بقرى 5 ك اسبشيال طبق,8.0,3000.0,375.0,0.004528488172732562,
50,اسبشيال,كفته اسبيشيال صغير طبق,7935.0,193631.97000000003,24.40226465028356,0.2922866953359688,-41.17699926302734
50,اسبشيال,كفته اسبيشيال عائلى طبق,2172.0,127777.95,58.829627071823204,0.19288031177033757,-54.54545454545454
50,الهنا,استربس الهنا 800 جرام,1.0,0.0,0.0,0.0,
50,الهنا,بانيه 800 جرام طبق,360.0,17520.0,48.666666666666664,0.02644637092875816,
50,الهنا,بانيه 900 جرام طبق,200.0,11700.0,58.5,0.017661103873656995,
50,الهنا,برجر الهنا 400 جرام طبق,4782.0,114791.76,24.00496863237139,0.17327770916238494,63.33333333333333
50,الهنا,برجر الهنا 900 جرام طبق,840.0,40786.200000000004,48.55500000000001,0.06156660810356829,
50,الهنا,سجق الهنا 350 طبق,8400.0,220275.0,26.223214285714285,0.3325042440828884,11.543134872417983
50,الهنا,سجق الهنا 5 كيلو طبق,166.0,61050.0,367.7710843373494,0.09215473431510765,8.860759493670885
50,الهنا,كفته الهنا 350 طبق,8670.0,185824.47999999998,21.433042675893883,0.2805013199613929,175.0
50,الهنا,كفته الهنا 800 جرام طبق,1512.0,70277.76000000001,46.480000000000004,0.10608400165537919,
50,غير مصنف,عجينه حواوشي طبق,20.0,4800.0,240.0,0.0072455810763721,
502,ابوهاشم,سجق شرقى 3 ك ابو هاشم كيس 3 كيلو,110.0,37690.0,342.6363636363636,0.05689290641009676,-58.294717330861914
502,الهنا,برجر الهنا 400 جرام طبق,1968.0,49463.979999999996,25.134136178861787,0.07466568280209333,5.555555555555555
502,الهنا,برجر الهنا 900 جرام طبق,988.0,49285.74,49.884352226720644,0.07439663022479072,133.33333333333331
502,الهنا,سجق الهنا 350 طبق,2670.0,71804.25,26.892977528089887,0.1083882322923107,37.704918032786885
502,الهنا,سجق الهنا 800 جرام طبق,828.0,43155.0,52.119565217391305,0.06514230236475792,-50.0
502,الهنا,كفته الهنا 350 طبق,8970.0,191626.84000000003,21.363081382385733,0.28925995950603844,-50.622298118490484
502,الهنا,كفته الهنا 800 جرام طبق,3936.0,196208.40000000002,49.84969512195123,0.29617580626359324,-25.22080592614615
504,ابوهاشم,برجر 400 جم ابو هاشم طبق,1.0,0.0,0.0,0.0,
504,ابوهاشم,سجق 350 جم ابو هاشم طبق,1.0,0.0,0.0,0.0,
504,ابوهاشم,كفته 350 جم ابو هاشم طبق,1.0,0.0,0.0,0.0,
504,الهنا,بانيه 800 جرام طبق,24.0,1200.0,50.0,0.001811395269093025,
504,الهنا,برجر الهنا 400 جرام طبق,7180.0,176143.99,24.532589136490248,0.26588865847097426,-12.115390256064288
504,الهنا,برجر الهنا 900 جرام طبق,9816.0,498129.06,50.74664425427873,0.7519238522347963,-27.85801973295342
504,الهنا,سجق الهنا 5 كيلو طبق,197.0,60150.0,305.3299492385787,0.09079618786328789,
504,الهنا,عجينه سجق 5 كيلو الهنا طبق,1.0,200.0,200.0,0.0003018992115155041,
504,الهنا,كفته الهنا 350 طبق,13350.0,244940.19,18.3475797752809,0.36973625114728886,-56.327431986397755
504,الهنا,كفته الهنا 800 جرام طبق,10776.0,515939.39999999997,47.878563474387526,0.7788084902489114,-31.95448007316031
506,الهنا,برجر الهنا 400 جرام طبق,1.0,0.0,0.0,0.0,
506,الهنا,سجق الهنا 350 طبق,1.0,0.0,0.0,0.0,
506,الهنا,كفته الهنا 350 طبق,1.0,0.0,0.0,0.0,
511,الهنا,بانيه 900 جرام طبق,10.0,550.0,55.0,0.0008302228316676364,
511,الهنا,برجر الهنا 400 جرام طبق,2970.0,70109.09,23.605754208754206,0.10582939495534759,17.816921744152474
511,الهنا,برجر الهنا 800 جرام طبق,7200.0,317128.2,44.04558333333333,0.47870376764665556,17.393969110075982
511,الهنا,برجر الهنا 900 جرام طبق,7716.0,364134.4199999999,47.192122861586306,0.5496594714182771,
511,الهنا,سجق الهنا 350 طبق,1770.0,47425.5,26.794067796610168,0.07158860527864272,-6.086956521739131
511,الهنا,كفته الهنا 350 طبق,3450.0,68338.1,19.808144927536233,0.10315609253233839,-29.67032967032967
511,الهنا,كفته الهنا 800 جرام طبق,12792.0,595026.0,46.51547842401501,0.898189401156122,-15.386397868149684
532,ابوهاشم,برجر 400 جم ابو هاشم طبق,4.0,0.0,0.0,0.0,
532,ابوهاشم,سجق 350 جم ابو هاشم طبق,4.0,0.0,0.0,0.0,
532,ابوهاشم,سجق شرقى 3 ك ابو هاشم كيس 3 كيلو,3829.0,1285450.0,335.7142857142857,1.9403817072130243,-26.618454636862865
532,ابوهاشم,كفته 350 جم ابو هاشم طبق,4.0,0.0,0.0,0.0,
532,اسبشيال,بانيه 800 جرام اسباشيل كيس,1260.0,63000.0,50.0,0.0950982516273838,
532,اسبشيال,بانيه 900 جرام اسباشيل كيس,450.0,24750.0,55.0,0.03736002742504364,
532,اسبشيال,برجر اسبشيال صغير طبق,3795.0,94495.5,24.9,0.14264058470881663,
532,اسبشيال,برجر اسبشيال عائلى طبق,19020.0,1127582.46,59.28404100946372,1.7020812779635626,56.540218841287334
532,اسبشيال,سجق اسبشيال 5 ك كيس,10.0,4100.0,410.0,0.006188933836067836,
532,اسبشيال,سجق اسبيشيال عائلى طبق,3804.0,237674.99,62.48028128286015,0.35876946038977664,33.301328212513994
532,اسبشيال,كفته اسبيشيال صغير طبق,450.0,11829.369999999999,26.287488888888888,0.017856387378625795,
532,اسبشيال,كفته اسبيشيال عائلى طبق,18036.0,991190.7,54.9562375249501,1.496198453957503,23.952217890414047
532,الهنا,بانيه 800 جرام طبق,720.0,34560.0,48.0,0.052168183749879124,
532,الهنا,برجر الهنا 400 جرام طبق,675.0,15726.0,23.297777777777778,0.023738335001464092,
532,الهنا,برجر الهنا 900 جرام طبق,7500.0,352147.2,46.952960000000004,0.5315648100869628,39.81577215903751
532,الهنا,سجق الهنا 5 كيلو طبق,482.0,155800.0,323.23651452282155,0.23517948577057773,46.82539682539682
532,الهنا,كفته الهنا 800 جرام طبق,22188.0,960572.1599999999,43.292417522985396,1.4499798885387234,-50.38581633063826
552,ابوهاشم,سجق شرقى 3 ك ابو هاشم كيس 3 كيلو,4.0,1500.0,375.0,0.002264244086366281,
552,ابوهاشم,عجينة بقرى 5 ك,3.0,1380.0,460.0,0.0020831045594569787,
552,الهنا,بانيه 800 جرام طبق,12.0,600.0,50.0,0.0009056976345465125,
552,الهنا,برجر الهنا 400 جرام طبق,495.0,12552.36,25.35830303030303,0.018947737933293768,200.0
552,الهنا,برجر الهنا 900 جرام طبق,732.0,38862.0,53.09016393442623,0.05866203578957761,-50.0
552,الهنا,سجق الهنا 350 طبق,555.0,15223.5,27.42972972972973,0.022979813232531388,33.33333333333333
552,الهنا,سجق الهنا 5 كيلو طبق,4.0,1280.0,320.0,0.0019321549536992267,
552,الهنا,سجق الهنا 800 جرام طبق,336.0,19012.8,56.58571428571428,0.028699746643509886,16.66666666666665
552,الهنا,عرض مصنعات طبق,20.0,1100.0,55.0,0.0016604456633352728,
552,الهنا,كفته الهنا 350 طبق,1725.0,39410.2,22.84649275362319,0.059489541528341607,-52.23880597014925
552,الهنا,كفته الهنا 800 جرام طبق,1116.0,56783.4,50.881182795698926,0.0857143184358474,-37.173476222371065
561,الهنا,سجق الهنا 5 كيلو طبق,2150.0,663240.0,308.48372093023255,1.0011581652277148,-1.550660792951542
566,اسبشيال,برجر اسبشيال صغير طبق,1.0,0.0,0.0,0.0,
566,اسبشيال,كفته اسبيشيال صغير طبق,1.0,0.0,0.0,0.0,
591,ابوهاشم,برجر ابو هاشم 1 ك طبق,6.0,660.0,110.0,0.0009962673980011638,
591,ابوهاشم,برجر ابو هاشم جامبو 1.5 كيلو طبق,2.0,360.0,180.0,0.0005434185807279074,
591,ابوهاشم,سجق 350 جم ابو هاشم طبق,1.0,45.0,45.0,6.792732259098843e-05,
591,ابوهاشم,كفته 350 جم ابو هاشم طبق,15.0,600.0,40.0,0.0009056976345465125,
591,ابوهاشم,كفته ابو هاشم 800 طبق,6.0,555.5,92.58333333333333,0.0008385250599843128,
591,اسبشيال,بانيه 800 جرام اسباشيل كيس,864.0,42336.0,49.0,0.06390602509360192,
591,اسبشيال,برجر اسبشيال صغير طبق,1.0,0.0,0.0,0.0,
591,اسبشيال,برجر اسبشيال عائلى طبق,1.0,0.0,0.0,0.0,
591,اسبشيال,سجق اسبيشيال صغير طبق,1.0,0.0,0.0,0.0,
591,اسبشيال,سجق اسبيشيال عائلى طبق,1.0,0.0,0.0,0.0,
591,اسبشيال,كفته اسبيشيال صغير طبق,1.0,0.0,0.0,0.0,
591,اسبشيال,كفته اسبيشيال عائلى طبق,1.0,0.0,0.0,0.0,
591,الهنا,بانيه 800 جرام طبق,4476.0,221460.0,49.47721179624665,0.33429299691111775,
591,الهنا,بانيه 900 جرام طبق,50.0,3000.0,60.0,0.004528488172732562,
591,الهنا,برجر الهنا 400 جرام طبق,1.0,0.0,0.0,0.0,
591,الهنا,برجر الهنا 900 جرام طبق,5676.0,246576.0,43.44186046511628,0.37220549989323476,
591,الهنا,سجق الهنا 350 طبق,1.0,0.0,0.0,0.0,
591,الهنا,سجق الهنا 800 جرام طبق,5436.0,268987.2,49.48256070640177,0.4060351179388162,
591,الهنا,عرض مصنعات طبق,30.0,1650.0,55.0,0.0024906684950029095,
591,الهنا,كفته الهنا 350 طبق,1.0,0.0,0.0,0.0,
591,الهنا,كفته الهنا 800 جرام طبق,7320.0,306432.0,41.86229508196721,0.4625578959155948,
6,ابوهاشم,مفروم صويا 400 جم طبق,3940.0,216700.0,55.0,0.3271077956770488,
6,الهنا,برجر الهنا 400 جرام طبق,2430.0,51941.244999999995,21.37499794238683,0.07840510455316811,
6,الهنا,سجق الهنا 350 طبق,2505.0,56362.5,22.5,0.08507897154521302,
6,الهنا,كفته الهنا 350 طبق,2865.0,59090.615,20.624996509598603,0.08919705038233111,
601,ابوهاشم,سجق 350 جم ابو هاشم طبق,1.0,0.0,0.0,0.0,
601,ابوهاشم,كفته 350 جم ابو هاشم طبق,1.0,0.0,0.0,0.0,
601,اسبشيال,بانيه 800 جرام اسباشيل كيس,240.0,12000.0,50.0,0.01811395269093025,
601,اسبشيال,برجر اسبشيال صغير طبق,600.0,14805.0,24.675,0.022348089132435196,
601,اسبشيال,برجر اسبشيال عائلى طبق,180.0,10230.0,56.833333333333336,0.015442144669018039,
601,اسبشيال,سجق اسبيشيال صغير طبق,255.0,9253.199999999999,36.28705882352941,0.013967668919976313,
601,اسبشيال,كفته اسبيشيال صغير طبق,600.0,13571.25,22.61875,0.02048574837139893,
601,اسبشيال,كفته اسبيشيال عائلى طبق,180.0,9486.0,52.7,0.014319079602180363,
601,الهنا,بانيه 800 جرام طبق,12.0,600.0,50.0,0.0009056976345465125,
601,الهنا,برجر الهنا 400 جرام طبق,825.0,19515.38,23.655006060606063,0.029458389172127196,
601,الهنا,برجر الهنا 900 جرام طبق,72.0,3495.96,48.555,0.00527713783744871,
601,الهنا,سجق الهنا 350 طبق,525.0,13072.5,24.9,0.01973288721268214,
601,الهنا,كفته الهنا 350 طبق,960.0,18830.62,19.615229166666666,0.028424746651740412,
601,الهنا,كفته الهنا 800 جرام طبق,72.0,3346.5600000000004,46.480000000000004,0.005051619126446629,
602,اسبشيال,برجر اسبشيال صغير طبق,1.0,0.0,0.0,0.0,
602,اسبشيال,سجق اسبيشيال صغير طبق,1.0,0.0,0.0,0.0,
602,اسبشيال,كفته اسبيشيال صغير طبق,1.0,0.0,0.0,0.0,
602,الهنا,برجر الهنا 400 جرام طبق,1.0,0.0,0.0,0.0,
602,الهنا,سجق الهنا 350 طبق,1.0,0.0,0.0,0.0,
602,الهنا,كفته الهنا 350 طبق,1.0,0.0,0.0,0.0,
604,اسبشيال,بانيه 900 جرام اسباشيل كيس,10.0,550.0,55.0,0.0008302228316676364,
604,اسبشيال,برجر اسبشيال عائلى طبق,324.0,18933.75,58.4375,0.028580420980158384,
604,اسبشيال,كفته اسبيشيال عائلى طبق,324.0,17556.75,54.1875,0.02650184490887414,
604,الهنا,بانيه 800 جرام طبق,36.0,1800.0,50.0,0.0027170929036395373,
604,الهنا,برجر الهنا 900 جرام طبق,360.0,17943.120000000003,49.842000000000006,0.027085068900640368,
604,الهنا,سجق الهنا 5 كيلو طبق,10.0,3000.0,300.0,0.004528488172732562,
604,الهنا,كفته الهنا 800 جرام طبق,360.0,17176.32,47.711999999999996,0.025927587323689924,
607,الهنا,برجر الهنا 900 جرام طبق,24.0,1193.4,49.725,0.0018014325951130135,
612,الهنا,كفته الهنا 350 طبق,15.0,358.88,23.925333333333334,0.0005417279451434207,
612,الهنا,كفته الهنا 800 جرام طبق,12.0,584.64,48.72,0.0008825117751021218,
618,ابوهاشم,برجر ابو هاشم جامبو 1.5 كيلو طبق,18.0,3060.0,170.0,0.004619057936187214,
618,ابوهاشم,سجق 350 جم ابو هاشم طبق,40.0,1800.0,45.0,0.0027170929036395373,
618,ابوهاشم,سجق 800 ابو هاشم طبق,16.0,1520.0,95.0,0.0022944340075178316,
618,ابوهاشم,كفته 350 جم ابو هاشم طبق,40.0,1600.0,40.0,0.002415193692124033,
618,ابوهاشم,كفته ابو هاشم 800 طبق,32.0,2880.0,90.0,0.0043473486458232595,
618,الهنا,بانيه 800 جرام طبق,144.0,7200.0,50.0,0.010868371614558149,
618,الهنا,برجر الهنا 400 جرام طبق,75.0,1774.12,23.654933333333332,0.002678027145669431,
618,الهنا,برجر الهنا 900 جرام طبق,180.0,8739.9,48.555,0.013192844593621774,
618,الهنا,سجق الهنا 350 طبق,75.0,1867.5,24.9,0.0028189838875260203,
618,الهنا,سجق الهنا 800 جرام طبق,60.0,3037.8,50.63,0.004585547123708993,
618,الهنا,عرض مصنعات الهنا كبير طبق,30.0,2100.0,70.0,0.0031699417209127938,
618,الهنا,كفته الهنا 350 طبق,120.0,1711.88,14.265666666666668,0.0025840761110458065,
618,الهنا,كفته الهنا 800 جرام طبق,120.0,5577.6,46.480000000000004,0.00841936521074438,
619,ابوهاشم,سجق 800 ابو هاشم طبق,1.0,0.0,0.0,0.0,
619,اسبشيال,برجر اسبشيال صغير طبق,2.0,0.0,0.0,0.0,
619,اسبشيال,سجق اسبيشيال صغير طبق,2.0,0.0,0.0,0.0,
619,اسبشيال,كفته اسبيشيال صغير طبق,2.0,0.0,0.0,0.0,
620,الهنا,برجر الهنا 400 جرام طبق,1.0,0.0,0.0,0.0,
620,الهنا,سجق الهنا 350 طبق,1.0,0.0,0.0,0.0,
620,الهنا,كفته الهنا 350 طبق,1.0,0.0,0.0,0.0,
621,ابوهاشم,برجر ابو هاشم جامبو 1.5 كيلو طبق,1.0,170.0,170.0,0.00025661432978817854,
621,ابوهاشم,سجق 350 جم ابو هاشم طبق,1.0,45.0,45.0,6.792732259098843e-05,
621,ابوهاشم,سجق شرقى 3 ك ابو هاشم كيس 3 كيلو,3.0,960.0,320.0,0.00144911621527442,
621,ابوهاشم,كبده اسكندرانى 400 طبق,1.0,70.0,70.0,0.00010566472403042646,
621,ابوهاشم,كفته ابو هاشم 800 طبق,1.0,90.0,90.0,0.00013585464518197686,
621,اسبشيال,استربس اسبشيال 900 جرام,40.0,6600.0,165.0,0.009962673980011638,
621,اسبشيال,بانيه 800 جرام اسباشيل كيس,31.0,1550.0,50.0,0.0023397188892451573,
621,اسبشيال,بانيه 900 جرام اسباشيل كيس,841.0,47205.0,56.129607609988106,0.07125576139794687,
621,الهنا,استربس الهنا 800 جرام,25.0,3750.0,150.0,0.005660610215915703,
621,الهنا,استربس الهنا 900 جرام,50.0,7750.0,155.0,0.011698594446225787,
621,الهنا,بانيه 800 جرام طبق,264.0,14718.0,55.75,0.022216762975425953,37.11453744493392
621,الهنا,بانيه 900 جرام طبق,100.0,5500.0,55.0,0.008302228316676364,
621,الهنا,برجر الهنا 900 جرام طبق,12.0,756.0,63.0,0.0011411790195286057,
621,الهنا,سجق الهنا 5 كيلو طبق,1.0,320.0,320.0,0.0004830387384248067,
621,الهنا,كفته الهنا 800 جرام طبق,1024.0,52513.52,51.282734375,0.07926895140951828,-87.35849056603773
623,ابوهاشم,سجق شرقى 3 ك ابو هاشم كيس 3 كيلو,11.0,3630.0,330.0,0.005479470689006401,
623,الهنا,بانيه 800 جرام طبق,48.0,2400.0,50.0,0.00362279053818605,
623,الهنا,برجر الهنا 900 جرام طبق,24.0,1165.32,48.555,0.0017590459458162366,
623,الهنا,كفته الهنا 800 جرام طبق,12.0,557.76,46.48,0.0008419365210744379,
624,ابوهاشم,برجر 400 جم ابو هاشم طبق,200.0,9000.0,45.0,0.013585464518197688,
624,ابوهاشم,برجر ابو هاشم 1 ك طبق,120.0,11400.0,95.0,0.017208255056383737,
624,ابوهاشم,برجر ابو هاشم جامبو 1.5 كيلو طبق,45.0,7650.0,170.0,0.011547644840468035,
624,ابوهاشم,سجق 350 جم ابو هاشم طبق,180.0,8100.0,45.0,0.012226918066377917,
624,ابوهاشم,سجق 800 ابو هاشم طبق,80.0,7600.0,95.0,0.01147217003758916,
624,ابوهاشم,سجق شرقى 3 ك ابو هاشم كيس 3 كيلو,16.0,5120.0,320.0,0.007728619814796907,
624,ابوهاشم,كفته 350 جم ابو هاشم طبق,200.0,8000.0,40.0,0.012075968460620166,
624,ابوهاشم,كفته ابو هاشم 800 طبق,160.0,14400.0,90.0,0.021736743229116298,
624,اسبشيال,استربس اسبشيال 900 جرام,100.0,16500.0,165.0,0.024906684950029095,
624,الهنا,بانيه 800 جرام طبق,1332.0,67440.0,50.630630630630634,0.101800414123028,
624,الهنا,برجر الهنا 400 جرام طبق,16920.0,425412.28,25.14256973995272,0.6421581595050644,3.897253654886653
624,الهنا,برجر الهنا 900 جرام طبق,20989.0,1077603.25,51.341333555672016,1.6266378575077238,23.180511945897177
624,الهنا,سجق الهنا 350 طبق,11850.0,312165.0,26.343037974683543,0.4712118368136868,-7.1576334298717414
624,الهنا,سجق الهنا 5 كيلو طبق,5.0,1500.0,300.0,0.002264244086366281,
624,الهنا,كفته الهنا 350 طبق,20347.0,374493.70999999996,18.405352631837616,0.5652967788325793,1.9234933576869122
624,الهنا,كفته الهنا 800 جرام طبق,17352.0,805025.1599999999,46.39379668049792,1.2151823052707127,-8.533776273134944
625,ابوهاشم,عجينة بقرى 1 ك كيلو,1.0,0.0,0.0,0.0,
629,الهنا,برجر الهنا 900 جرام طبق,12.0,582.66,48.555,0.0008795229729081183,
629,الهنا,سجق الهنا 800 جرام طبق,12.0,607.56,50.629999999999995,0.0009171094247417984,
629,الهنا,كفته الهنا 800 جرام طبق,48.0,2231.04,46.48,0.0033677460842977515,
630,ابوهاشم,سجق شرقى 3 ك ابو هاشم كيس 3 كيلو,1.0,320.0,320.0,0.0004830387384248067,
630,الهنا,برجر الهنا 900 جرام طبق,72.0,3580.2,49.724999999999994,0.00540429778533904,
630,الهنا,عرض مصنعات الهنا كبير طبق,50.0,3500.0,70.0,0.005283236201521323,
630,الهنا,عرض مصنعات طبق,100.0,5500.0,55.0,0.008302228316676364,
630,الهنا,كفته الهنا 800 جرام طبق,72.0,2856.0,39.666666666666664,0.0043111207404414,
638,الهنا,استربس الهنا 900 جرام,40.0,6300.0,157.5,0.009509825162738381,
638,الهنا,برجر الهنا 400 جرام طبق,615.0,15491.949999999999,25.190162601626014,0.023385037449188073,100.0
638,الهنا,برجر الهنا 900 جرام طبق,636.0,31669.020000000004,49.79405660377359,0.04780426083734366,0.0
638,الهنا,سجق الهنا 350 طبق,540.0,14386.5,26.641666666666666,0.021716365032339004,20.0
638,الهنا,سجق الهنا 800 جرام طبق,276.0,14384.999999999998,52.1195652173913,0.021714100788252637,-50.0
638,الهنا,كفته الهنا 350 طبق,1350.0,29044.9,21.51474074074074,0.043843162042733336,50.0
638,الهنا,كفته الهنا 800 جرام طبق,528.0,25420.92,48.145681818181814,0.03837277851999355,33.33333333333334
643,اسبشيال,استربس اسبشيال 900 جرام,20.0,3250.0,162.5,0.004905862187126943,
643,اسبشيال,بانيه 800 جرام اسباشيل كيس,36.0,1800.0,50.0,0.0027170929036395373,
643,اسبشيال,بانيه 900 جرام اسباشيل كيس,20.0,1200.0,60.0,0.001811395269093025,
643,الهنا,استربس الهنا 900 جرام,10.0,1650.0,165.0,0.0024906684950029095,
643,الهنا,بانيه 800 جرام طبق,420.0,21216.0,50.51428571428571,0.03202546835756468,-62.0
643,الهنا,بانيه 900 جرام طبق,42.0,2298.0,54.714285714285715,0.003468821940313143,
643,الهنا,برجر الهنا 900 جرام طبق,192.0,10038.12,52.28187500000001,0.015152502565490063,208.82352941176472
643,الهنا,سجق الهنا 5 كيلو طبق,21.0,6300.0,300.0,0.009509825162738381,
643,الهنا,سجق الهنا 800 جرام طبق,48.0,2973.2999999999997,61.943749999999994,0.004488184627995242,202.0689655172414
643,الهنا,كفته الهنا 350 طبق,30.0,841.5,28.05,0.0012702409324514838,
643,الهنا,كفته الهنا 800 جرام طبق,480.0,23689.440000000002,49.353,0.03575911628621923,39.58333333333332
644,الهنا,استربس الهنا 900 جرام,10.0,1550.0,155.0,0.0023397188892451573,
644,الهنا,بانيه 800 جرام طبق,60.0,3102.0,51.7,0.00468245677060547,
644,الهنا,برجر الهنا 400 جرام طبق,210.0,5297.62,25.226761904761904,0.007996736504543826,-25.274725274725274
644,الهنا,برجر الهنا 900 جرام طبق,108.0,5604.9,51.89722222222222,0.008460574453116246,-45.525291828793776
644,الهنا,سجق الهنا 350 طبق,105.0,2830.5,26.957142857142856,0.004272628590973173,-45.45454545454545
644,الهنا,سجق الهنا 5 كيلو طبق,16.0,5010.0,313.125,0.0075625752484633785,-60.42780748663101
644,الهنا,عرض مصنعات طبق,10.0,550.0,55.0,0.0008302228316676364,
644,الهنا,كفته الهنا 350 طبق,330.0,8211.0,24.881818181818183,0.012394472128769023,-74.4
644,الهنا,كفته الهنا 800 جرام طبق,156.0,7813.200000000001,50.08461538461539,0.011793994597064686,-73.30677290836653
646,اسبشيال,بانيه 900 جرام اسباشيل كيس,20.0,1200.0,60.0,0.001811395269093025,
646,الهنا,بانيه 800 جرام طبق,48.0,2400.0,50.0,0.00362279053818605,
646,الهنا,برجر الهنا 400 جرام طبق,660.0,17461.15,26.45628787878788,0.026357537085769732,-14.465408805031446
646,الهنا,برجر الهنا 900 جرام طبق,264.0,14769.6,55.945454545454545,0.02229465297199695,34.90364025695932
646,الهنا,سجق الهنا 350 طبق,600.0,16447.5,27.4125,0.02482743640700627,22.22222222222222
646,الهنا,سجق الهنا 5 كيلو طبق,22.0,6740.0,306.3636363636364,0.01017400342807249,
646,الهنا,سجق الهنا 800 جرام طبق,12.0,622.2,51.85,0.0009392084470247335,
646,الهنا,كفته الهنا 350 طبق,735.0,17046.75,23.192857142857143,0.025732001919509605,44.63298199177578
646,الهنا,كفته الهنا 800 جرام طبق,540.0,27387.000000000004,50.716666666666676,0.04134056852887557,85.31914893617018
653,ابوهاشم,سجق شرقى 3 ك ابو هاشم كيس 3 كيلو,176.0,56320.0,320.0,0.08501481796276597,
654,ابوهاشم,برجر ابو هاشم 1 ك طبق,36.0,3600.0,100.0,0.0054341858072790745,
654,ابوهاشم,سجق شرقى 3 ك ابو هاشم كيس 3 كيلو,1.0,320.0,320.0,0.0004830387384248067,
654,ابوهاشم,عجينة بقرى 5 ك,4.0,1840.0,460.0,0.0027774727459426384,
654,ابوهاشم,كفته ابو هاشم 800 طبق,32.0,2880.0,90.0,0.0043473486458232595,
654,اسبشيال,بانيه 900 جرام اسباشيل كيس,250.0,13855.0,55.42,0.02091406787773655,-31.62393162393162
654,الهنا,استربس الهنا 900 جرام,50.0,7750.0,155.0,0.011698594446225787,
654,الهنا,بانيه 800 جرام طبق,36.0,1800.0,50.0,0.0027170929036395373,
654,الهنا,برجر الهنا 900 جرام طبق,456.0,23847.600000000002,52.29736842105264,0.03599785818268569,50.0
654,الهنا,سجق الهنا 350 طبق,840.0,22797.0,27.139285714285716,0.03441198162459474,-15.625
654,الهنا,سجق الهنا 5 كيلو طبق,223.0,73130.0,327.9372197309417,0.1103894466906441,-13.641078838174273
654,الهنا,سجق الهنا 800 جرام طبق,12.0,622.2,51.85,0.0009392084470247335,
654,الهنا,عجينة كفته الهنا خام طبق,5.0,400.0,80.0,0.0006037984230310082,
654,الهنا,عجينه سجق 5 كيلو الهنا طبق,386.0,79330.0,205.5181347150259,0.11974832224762473,-29.931454683929932
654,الهنا,عرض مصنعات طبق,130.0,7150.0,55.0,0.010792896811679274,
654,الهنا,كفته الهنا 350 طبق,15.0,0.0,0.0,0.0,
654,الهنا,كفته الهنا 800 جرام طبق,528.0,26479.2,50.15,0.03997024800780669,-29.473684210526326
661,ابوهاشم,سجق 350 جم ابو هاشم طبق,20.0,900.0,45.0,0.0013585464518197686,
661,الهنا,بانيه 700 جرام طبق,12.0,564.0,47.0,0.0008513557764737216,
661,الهنا,بانيه 800 جرام طبق,168.0,8484.0,50.5,0.012806564552487687,
661,الهنا,بانيه 900 جرام طبق,10.0,585.0,58.5,0.0008830551936828496,
661,الهنا,برجر الهنا 400 جرام طبق,135.0,3461.9,25.643703703703704,0.00522572440172762,
661,الهنا,سجق الهنا 350 طبق,270.0,7231.5,26.783333333333335,0.010915920740371841,-50.0
661,الهنا,سجق الهنا 5 كيلو طبق,4.0,1290.0,322.5,0.001947249914275002,
661,الهنا,كفته الهنا 350 طبق,360.0,8792.99,24.424972222222223,0.013272983739318563,0.0
666,الهنا,بانيه 800 جرام طبق,12.0,600.0,50.0,0.0009056976345465125,
666,الهنا,برجر الهنا 400 جرام طبق,105.0,2483.77,23.65495238095238,0.003749241022929319,
666,الهنا,برجر الهنا 900 جرام طبق,120.0,5826.599999999999,48.55499999999999,0.00879522972908118,
666,الهنا,سجق الهنا 350 طبق,105.0,2614.5,24.9,0.003946577442536428,
666,الهنا,سجق الهنا 800 جرام طبق,156.0,7898.280000000001,50.63,0.011922422521643381,
666,الهنا,كفته الهنا 350 طبق,270.0,5820.36,21.55688888888889,0.008785810473681899,
666,الهنا,كفته الهنا 800 جرام طبق,282.0,13107.359999999999,46.48,0.019785508245249293,
667,اسبشيال,بانيه 800 جرام اسباشيل كيس,24.0,1200.0,50.0,0.001811395269093025,
667,اسبشيال,برجر اسبشيال عائلى طبق,1.0,0.0,0.0,0.0,
667,الهنا,بانيه 800 جرام طبق,668.0,34550.0,51.721556886227546,0.052153088789303345,-19.32250259246457
667,الهنا,برجر الهنا 400 جرام طبق,540.0,13712.619999999999,25.39374074074074,0.02069914582905866,3.3437114100039627
667,الهنا,برجر الهنا 900 جرام طبق,588.0,30763.200000000004,52.318367346938786,0.0464369291184688,-14.285714285714285
667,الهنا,سجق الهنا 350 طبق,510.0,13464.0,26.4,0.02032385491922374,-58.620689655172406
667,الهنا,سجق الهنا 5 كيلو طبق,12.0,3950.0,329.1666666666667,0.005962509427431207,50.0
667,الهنا,كفته الهنا 350 طبق,840.0,19564.809999999998,23.291440476190473,0.02953300356225325,-27.106931273270398
667,الهنا,كفته الهنا 800 جرام طبق,828.0,40871.40000000001,49.36159420289856,0.06169521716767389,-8.754863813229571
668,ابوهاشم,سجق شرقى 3 ك ابو هاشم كيس 3 كيلو,71.0,22720.0,320.0,0.03429575042816128,
668,الهنا,برجر الهنا 400 جرام طبق,45.0,1154.25,25.65,0.0017423358244588534,
668,الهنا,برجر الهنا 900 جرام طبق,24.0,1263.6,52.65,0.0019073992183549552,
668,الهنا,كفته الهنا 350 طبق,42.0,1039.5,24.75,0.0015691211518518331,
668,الهنا,كفته الهنا 800 جرام طبق,36.0,1814.3999999999999,50.4,0.0027388296468686536,
669,ابوهاشم,برجر 400 جم ابو هاشم طبق,40.0,1998.0,49.95,0.003015973123039887,
669,ابوهاشم,سجق 350 جم ابو هاشم طبق,60.0,2898.0,48.3,0.004374519574859655,
669,ابوهاشم,كفته 350 جم ابو هاشم طبق,40.0,1808.0,45.2,0.0027291688721001574,
669,الهنا,بانيه 800 جرام طبق,96.0,4842.0,50.4375,0.0073089799107903565,
669,الهنا,بانيه 900 جرام طبق,20.0,1140.0,57.0,0.0017208255056383737,
669,الهنا,برجر الهنا 400 جرام طبق,120.0,2915.55,24.29625,0.004401011230670141,
669,الهنا,سجق الهنا 350 طبق,120.0,3069.0,25.575,0.004632643400705411,
669,الهنا,كفته الهنا 350 طبق,105.0,2454.37,23.37495238095238,0.00370486183883654,
669,الهنا,كفته الهنا 800 جرام طبق,24.0,1155.8400000000001,48.160000000000004,0.0017447359231904018,
67,ابوهاشم,برجر 1200 جم طبق,757.0,110915.0,146.51915455746368,0.16742575522621073,58.71559633027523
67,ابوهاشم,سجق شرقى 3 ك ابو هاشم كيس 3 كيلو,75.0,25650.0,342.0,0.03871857387686341,0.0
67,ابوهاشم,كبده 3 كيلو كيس 3 كيلو,98.0,54360.0,554.6938775510204,0.08205620568991404,
67,ابوهاشم,كفته 350 جم ابو هاشم طبق,1.0,0.0,0.0,0.0,
67,ابوهاشم,كفته ابو هاشم 800 طبق,5.0,450.0,90.0,0.0006792732259098843,
674,ابوهاشم,برجر 400 جم ابو هاشم طبق,828.0,37510.0,45.30193236714976,0.056621197119732805,
674,ابوهاشم,برجر ابو هاشم 1 ك طبق,734.0,82848.4,112.87247956403269,0.12505933317660547,89.15571918667894
674,ابوهاشم,برجر ابو هاشم 600 جرام طبق,22.0,1430.0,65.0,0.0021585793623358548,
674,ابوهاشم,برجر ابو هاشم جامبو 1.5 كيلو طبق,413.0,71340.0,172.7360774818402,0.10768744874758035,218.5185185185185
674,ابوهاشم,بفتيك 400 جم طبق,10.0,1000.0,100.0,0.0015094960575775208,
674,ابوهاشم,سجق 350 جم ابو هاشم طبق,1304.0,62265.6,47.74969325153374,0.09398967772269888,21.71147432994359
674,ابوهاشم,سجق 800 ابو هاشم طبق,835.0,85554.2,102.46011976047903,0.12914372760919873,22.799312848078465
674,ابوهاشم,شاورما 400 جم طبق,10.0,1050.0,105.0,0.0015849708604563969,
674,ابوهاشم,كبده اسكندرانى 400 طبق,2966.0,214553.0,72.33749157113958,0.3238669076414298,43.79290056873897
674,ابوهاشم,كفته 350 جم ابو هاشم طبق,1341.0,57633.5,42.97800149142431,0.08699754103439405,-37.79129070223617
674,ابوهاشم,كفته ابو هاشم 800 طبق,1178.0,110627.97,93.91168930390492,0.16699248457280425,-8.85122388995662
674,ابوهاشم,مفروم صافى 400 جم طبق,2441.0,208580.0,85.4485866448177,0.3148506876895193,0.27472527472527475
674,الهنا,استربس الهنا 900 جرام,5.0,775.0,155.0,0.0011698594446225786,
674,الهنا,بانيه 800 جرام طبق,5.0,275.0,55.0,0.0004151114158338182,
676,ابوهاشم,برجر 400 جم ابو هاشم طبق,10.0,450.0,45.0,0.0006792732259098843,
676,ابوهاشم,كفته 350 جم ابو هاشم طبق,10.0,400.0,40.0,0.0006037984230310082,
676,الهنا,بانيه 800 جرام طبق,12.0,600.0,50.0,0.0009056976345465125,
676,الهنا,كفته الهنا 350 طبق,15.0,358.88,23.925333333333334,0.0005417279451434207,
676,الهنا,كفته الهنا 800 جرام طبق,12.0,584.64,48.72,0.0008825117751021218,
677,اسبشيال,بانيه 800 جرام اسباشيل كيس,900.0,45000.0,50.0,0.06792732259098844,
677,اسبشيال,برجر اسبشيال صغير طبق,150.0,3735.0,24.9,0.005637967775052041,
677,اسبشيال,برجر اسبشيال عائلى طبق,468.0,26705.25,57.0625,0.04031146959162209,
677,اسبشيال,سجق اسبيشيال صغير طبق,225.0,8170.31,36.31248888888889,0.012333050734186193,
677,اسبشيال,سجق اسبيشيال عائلى طبق,180.0,10924.88,60.693777777777775,0.016491063289507505,
677,اسبشيال,كفته اسبيشيال صغير طبق,750.0,17118.75,22.825,0.025840685635655183,
677,اسبشيال,كفته اسبيشيال عائلى طبق,600.0,31747.5,52.9125,0.04792272608794234,
677,الهنا,بانيه 800 جرام طبق,600.0,30000.0,50.0,0.04528488172732562,
677,الهنا,برجر الهنا 400 جرام طبق,11295.0,279983.6,24.78827799911465,0.4226341403863615,-59.53951212861001
677,الهنا,برجر الهنا 900 جرام طبق,16536.0,857463.0,51.85431785195936,1.2943370180185936,18.19887429643527
677,الهنا,سجق الهنا 350 طبق,9180.0,243920.25,26.570833333333333,0.3681966557383233,-78.05413313825896
677,الهنا,سجق الهنا 800 جرام طبق,6720.0,365440.5,54.38102678571428,0.551630994029158,-52.704891480401685
677,الهنا,كفته الهنا 350 طبق,16245.0,284356.89,17.504271468144044,0.4292356044000048,-19.327731092436977
677,الهنا,كفته الهنا 800 جرام طبق,19332.0,958463.4,49.57911235257604,1.4467967236323465,47.72471118624965
679,ابوهاشم,برجر 400 جم ابو هاشم طبق,150.0,6750.0,45.0,0.010189098388648265,
679,ابوهاشم,كبده اسكندرانى 400 طبق,80.0,5540.0,69.25,0.008362608158979466,
679,ابوهاشم,كفته 350 جم ابو هاشم طبق,90.0,3600.0,40.0,0.0054341858072790745,
679,ابوهاشم,مفروم صويا 400 جم طبق,129.0,7680.0,59.53488372093023,0.01159292972219536,
679,اسبشيال,بانيه 800 جرام اسباشيل كيس,24.0,1200.0,50.0,0.001811395269093025,
679,اسبشيال,بانيه 900 جرام اسباشيل كيس,20.0,1100.0,55.0,0.0016604456633352728,
679,الهنا,استربس الهنا 900 جرام,1.0,155.0,155.0,0.00023397188892451573,
679,الهنا,بانيه 800 جرام طبق,684.0,34716.0,50.75438596491228,0.052403665134861215,
679,الهنا,برجر الهنا 400 جرام طبق,2010.0,48692.159999999996,24.224955223880595,0.07350062355493385,
679,الهنا,برجر الهنا 900 جرام طبق,12.0,596.7,49.725,0.0009007162975565068,
679,الهنا,سجق الهنا 350 طبق,420.0,10786.5,25.682142857142857,0.016282179225059926,
679,الهنا,سجق الهنا 5 كيلو طبق,48.0,14400.0,300.0,0.021736743229116298,
679,الهنا,كفته الهنا 350 طبق,1725.0,37867.53000000001,21.952191304347835,0.057160887245198515,
682,الهنا,برجر الهنا 400 جرام طبق,45.0,1064.48,23.65511111111111,0.0016068283633701194,
682,الهنا,برجر الهنا 900 جرام طبق,36.0,1747.98,48.555,0.002638568918724355,
682,الهنا,كفته الهنا 350 طبق,45.0,1027.12,22.824888888888886,0.0015504335906590231,
682,الهنا,كفته الهنا 800 جرام طبق,156.0,7250.88,46.480000000000004,0.010945174773967694,
684,الهنا,برجر الهنا 400 جرام طبق,1185.0,29898.7,25.230970464135023,0.04513196977669302,225.0
684,الهنا,برجر الهنا 900 جرام طبق,1036.0,53427.6,51.57104247104247,0.08064875156582875,250.0
684,الهنا,كفته الهنا 350 طبق,1050.0,25633.86,24.4132,0.038694210610494106,275.0
684,الهنا,كفته الهنا 800 جرام طبق,564.0,28080.600000000002,49.78829787234043,0.04238755499441133,350.00000000000006
685,الهنا,برجر الهنا 400 جرام طبق,45.0,1090.12,24.224888888888888,0.0016455318422864068,
685,الهنا,كفته الهنا 350 طبق,45.0,1051.88,23.375111111111114,0.0015878087130446429,
693,ابوهاشم,سجق شرقى 3 ك ابو هاشم كيس 3 كيلو,2039.0,694005.0,340.36537518391367,1.0475978114390874,37.83018867924529
693,اسبشيال,برجر اسبشيال صغير طبق,60.0,1836.0,30.6,0.002771434761712328,
693,اسبشيال,برجر اسبشيال عائلى طبق,36.0,2448.0,68.0,0.003695246348949771,-50.0
693,اسبشيال,كفته اسبيشيال صغير طبق,30.0,892.5,29.75,0.0013472252313879373,
693,اسبشيال,كفته اسبيشيال عائلى طبق,12.0,795.6,66.3,0.0012009550634086755,
693,الهنا,سجق الهنا 3 كيلو طبق,3.0,540.0,180.0,0.0008151278710918613,
693,الهنا,سجق الهنا 5 كيلو طبق,12.0,4300.0,358.3333333333333,0.00649083304758334,
694,الهنا,سجق الهنا 5 كيلو طبق,1.0,300.0,300.0,0.00045284881727325623,
695,الهنا,برجر الهنا 400 جرام طبق,60.0,1453.5,24.225,0.0021940525196889266,
695,الهنا,برجر الهنا 900 جرام طبق,48.0,2386.8,49.725,0.003602865190226027,
695,الهنا,سجق الهنا 350 طبق,30.0,765.0,25.5,0.0011547644840468035,
695,الهنا,كفته الهنا 350 طبق,30.0,701.24,23.374666666666666,0.0010585190154156607,
698,ابوهاشم,برجر 400 جم ابو هاشم طبق,22.0,900.0,40.90909090909091,0.0013585464518197686,
698,ابوهاشم,سجق 350 جم ابو هاشم طبق,22.0,900.0,40.90909090909091,0.0013585464518197686,
698,ابوهاشم,سجق شرقى 3 ك ابو هاشم كيس 3 كيلو,72.0,26560.0,368.8888888888889,0.04009221528925896,0.0
698,ابوهاشم,كفته 350 جم ابو هاشم طبق,22.0,800.0,36.36363636363637,0.0012075968460620165,
698,ابوهاشم,مفروم صويا 400 جم طبق,1.0,0.0,0.0,0.0,
698,اسبشيال,برجر اسبشيال صغير طبق,30.0,747.0,24.9,0.0011275935550104082,
698,اسبشيال,برجر اسبشيال عائلى طبق,624.0,38232.0,61.26923076923077,0.057711053273303774,-73.95259755805603
698,اسبشيال,سجق اسبيشيال صغير طبق,30.0,1089.38,36.31266666666667,0.0016444148152037997,
698,اسبشيال,كفته اسبيشيال صغير طبق,30.0,684.75,22.825,0.0010336274254262074,
698,اسبشيال,كفته اسبيشيال عائلى طبق,660.0,36850.049999999996,55.833409090909086,0.05562500519653451,-28.57142857142857
698,الهنا,استربس الهنا 900 جرام,20.0,3100.0,155.0,0.004679437778490315,
698,الهنا,بانيه 800 جرام طبق,1512.0,77598.0,51.32142857142857,0.11713387507590045,-14.299287410926365
698,الهنا,بانيه 900 جرام طبق,30.0,1650.0,55.0,0.0024906684950029095,
698,الهنا,برجر الهنا 400 جرام طبق,3360.0,82234.41,24.474526785714286,0.12413251769221346,37.47502616306726
698,الهنا,سجق الهنا 350 طبق,4335.0,111789.0,25.787543252595157,0.16874505478053348,29.66101694915254
698,الهنا,سجق الهنا 5 كيلو طبق,39.0,13800.0,353.84615384615387,0.02083104559456979,400.0
698,الهنا,عرض مصنعات طبق,50.0,2750.0,55.0,0.004151114158338182,
698,الهنا,كفته الهنا 350 طبق,5325.0,109745.60999999999,20.60950422535211,0.16566056563144013,-10.156895127993394
698,الهنا,كفته الهنا 800 جرام طبق,1152.0,55429.560000000005,48.1159375,0.08367070229325665,-64.49058486095522
710,ابوهاشم,سجق شرقى 3 ك ابو هاشم كيس 3 كيلو,2756.0,928240.0,336.8069666182874,1.4011746204857578,1.001669449081803
710,ابوهاشم,كبده اسكندرانى 400 طبق,120.0,8760.0,73.0,0.01322318546437908,
710,ابوهاشم,مفروم صويا 350 جم طبق,140.0,9100.0,65.0,0.01373641412395544,
710,ابوهاشم,مفروم صويا 400 جم طبق,168.0,11592.0,69.0,0.01749807829943862,
710,اسبشيال,بانيه 800 جرام اسباشيل كيس,804.0,41520.0,51.64179104477612,0.06267427631061867,
710,اسبشيال,بانيه 900 جرام اسباشيل كيس,1200.0,71750.0,59.791666666666664,0.10830634213118712,-59.30047694753577
710,اسبشيال,برجر اسبشيال صغير طبق,6765.0,191291.25,28.27660753880266,0.28875338772407594,92.12357777593223
710,اسبشيال,برجر اسبشيال عائلى طبق,3660.0,232548.0,63.53770491803279,0.3510302891975373,129.31034482758622
710,اسبشيال,سجق اسبيشيال صغير طبق,2580.0,88964.4,34.482325581395344,0.1342914110647496,97.14285714285714
710,اسبشيال,سجق اسبيشيال عائلى طبق,120.0,7295.7,60.7975,0.01101283038726832,
710,اسبشيال,كفته اسبيشيال صغير طبق,7515.0,180975.72999999998,24.08193346640053,0.2731821509522138,21.088596797304163
710,اسبشيال,كفته اسبيشيال عائلى طبق,2664.0,162180.0,60.87837837837838,0.24481007061792232,54.54545454545454
710,الهنا,بانيه 800 جرام طبق,4824.0,252672.0,52.37810945273632,0.3814073878602273,-47.74193548387097
710,الهنا,برجر الهنا 400 جرام طبق,12960.0,324385.47,25.029743055555553,0.4896585881004311,-2.4135581815543627
710,الهنا,برجر الهنا 900 جرام طبق,10140.0,517359.3,51.02162721893491,0.7809518237010659,-4.761904761904762
710,الهنا,سجق الهنا 350 طبق,8355.0,221658.75,26.530071813285456,0.3345930092525613,-38.46153846153847
710,الهنا,سجق الهنا 5 كيلو طبق,290.0,97500.0,336.2068965517241,0.14717586561380827,128.65168539325842
710,الهنا,كفته الهنا 350 طبق,12270.0,228601.10000000003,18.630896495517526,0.34507245920788465,-8.94953326515619
710,الهنا,كفته الهنا 800 جرام طبق,12516.0,610725.0,48.79554170661553,0.9218869797640314,-6.3199105145413865
712,الهنا,بانيه 800 جرام طبق,240.0,12000.0,50.0,0.01811395269093025,
712,الهنا,برجر الهنا 400 جرام طبق,7425.0,179870.63999999998,24.22500202020202,0.2715140219539455,
712,الهنا,برجر الهنا 900 جرام طبق,36.0,1790.1,49.724999999999994,0.00270214889266952,
712,الهنا,سجق الهنا 350 طبق,6480.0,165240.0,25.5,0.24942912855410956,
712,الهنا,كفته الهنا 350 طبق,5895.0,109745.63,18.61673112807464,0.1656605958213613,
712,الهنا,كفته الهنا 800 جرام طبق,24.0,1142.4,47.6,0.0017244482961765598,
713,ابوهاشم,برجر ابو هاشم جامبو 1.5 كيلو طبق,2.0,340.0,170.0,0.0005132286595763571,
713,الهنا,بانيه 800 جرام طبق,12.0,600.0,50.0,0.0009056976345465125,
713,الهنا,برجر الهنا 400 جرام طبق,2205.0,56740.4,25.732607709750567,0.08564941010537155,-38.95929339477727
713,الهنا,برجر الهنا 900 جرام طبق,1464.0,78109.08,53.35319672131148,0.11790534832100717,-62.99689878770792
713,الهنا,سجق الهنا 350 طبق,435.0,11259.0,25.882758620689657,0.016995416112265307,50.0
713,الهنا,سجق الهنا 5 كيلو طبق,3.0,900.0,300.0,0.0013585464518197686,
713,الهنا,كفته الهنا 350 طبق,1560.0,35467.89,22.73582692307692,0.053538640125593166,-39.52195664257921
713,الهنا,كفته الهنا 800 جرام طبق,60.0,2788.8,46.480000000000004,0.00420968260537219,
714,ابوهاشم,برجر 400 جم ابو هاشم طبق,380.0,16920.0,44.526315789473685,0.02554067329421165,
714,ابوهاشم,برجر ابو هاشم 1 ك طبق,84.0,9456.0,112.57142857142857,0.014273794720453037,8.181818181818182
714,ابوهاشم,برجر ابو هاشم جامبو 1.5 كيلو طبق,1.0,0.0,0.0,0.0,
714,ابوهاشم,سجق 350 جم ابو هاشم طبق,300.0,13820.0,46.06666666666667,0.020861235515721336,
714,ابوهاشم,سجق شرقى 3 ك ابو هاشم كيس 3 كيلو,613.0,207655.0,338.7520391517129,0.3134544038362601,-24.426450742240217
714,ابوهاشم,كفته 350 جم ابو هاشم طبق,500.0,20960.0,41.92,0.031639037366824836,-63.1578947368421
714,ابوهاشم,مفروم صويا 400 جم طبق,20.0,1200.0,60.0,0.001811395269093025,
714,اسبشيال,بانيه 800 جرام اسباشيل كيس,60.0,3000.0,50.0,0.004528488172732562,
714,اسبشيال,بانيه 900 جرام اسباشيل كيس,2060.0,114520.0,55.592233009708735,0.17286748851377767,
714,اسبشيال,برجر اسبشيال صغير طبق,60.0,1683.0,28.05,0.0025404818649029676,20.0
714,اسبشيال,برجر اسبشيال عائلى طبق,144.0,8988.75,62.421875,0.01356848268754994,-72.59100642398288
714,اسبشيال,سجق اسبيشيال صغير طبق,45.0,1673.44,37.187555555555555,0.0025260510825925266,
714,اسبشيال,سجق اسبيشيال عائلى طبق,36.0,2570.4,71.4,0.0038800086663972598,
714,اسبشيال,كفته اسبيشيال صغير طبق,75.0,1753.13,23.37506666666667,0.002646342823420879,
714,اسبشيال,كفته اسبيشيال عائلى طبق,108.0,6288.3,58.225,0.009492164058864725,
714,الهنا,استربس الهنا 800 جرام,60.0,9000.0,150.0,0.013585464518197688,
714,الهنا,بانيه 700 جرام طبق,24.0,1128.0,47.0,0.0017027115529474432,
714,الهنا,بانيه 800 جرام طبق,2556.0,133110.0,52.07746478873239,0.2009290202241438,36.05769230769231
714,الهنا,بانيه 900 جرام طبق,1270.0,69850.0,55.0,0.10543829962178983,
714,الهنا,برجر الهنا 400 جرام طبق,9390.0,235888.61,25.121257720979763,0.35607292682244135,-16.896759143791904
714,الهنا,برجر الهنا 900 جرام طبق,2436.0,118724.22,48.737364532019704,0.17921374202896626,-50.42625682531654
714,الهنا,سجق الهنا 350 طبق,9165.0,243598.5,26.579214402618657,0.3677109753817977,-17.140536149471973
714,الهنا,سجق الهنا 800 جرام طبق,216.0,12306.48,56.974444444444444,0.018576583042656608,11.75290091851701
714,الهنا,كفته الهنا 350 طبق,23655.0,491225.95,20.766262946522936,0.7415036349047723,-47.695101757384755
714,الهنا,كفته الهنا 800 جرام طبق,1164.0,56615.52,48.63876288659794,0.08546090423770128,40.01573486748292
716,الهنا,برجر الهنا 400 جرام طبق,480.0,11354.4,23.654999999999998,0.017139422036158203,
716,الهنا,برجر الهنا 900 جرام طبق,216.0,10487.880000000001,48.55500000000001,0.01583141351234613,
716,الهنا,سجق الهنا 350 طبق,480.0,11952.0,24.9,0.01804149688016653,
716,الهنا,سجق الهنا 800 جرام طبق,168.0,8505.84,50.63,0.012839531946385182,
716,الهنا,عرض مصنعات الهنا كبير طبق,100.0,7000.0,70.0,0.010566472403042646,
716,الهنا,عرض مصنعات طبق,100.0,5500.0,55.0,0.008302228316676364,
716,الهنا,كفته الهنا 350 طبق,600.0,10956.01,18.26001666666667,0.016538053901779894,
716,الهنا,كفته الهنا 800 جرام طبق,216.0,10039.68,46.480000000000004,0.015154857379339885,
718,ابوهاشم,سجق شرقى 3 ك ابو هاشم كيس 3 كيلو,104.0,36140.0,347.5,0.0545531875208516,16.666666666666664
718,ابوهاشم,كبده اسكندرانى 400 طبق,1.0,0.0,0.0,0.0,
718,اسبشيال,عجينة سجق اسباشيل بقرى 250 جرام طبق,2.0,0.0,0.0,0.0,
718,الهنا,برجر الهنا 400 جرام طبق,495.0,11866.555,23.972838383838383,0.017912517989526817,
718,الهنا,برجر الهنا 900 جرام طبق,1056.0,54294.9,51.415625,0.08195793749656573,30.0
718,الهنا,سجق الهنا 5 كيلو طبق,1451.0,436560.0,300.868366643694,0.6589855988960425,-14.193548387096774
718,الهنا,كفته الهنا 350 طبق,240.0,4793.26,19.97191666666667,0.0072354070729440285,
718,الهنا,كفته الهنا 800 جرام طبق,120.0,5577.6,46.480000000000004,0.00841936521074438,
719,الهنا,سجق الهنا 5 كيلو طبق,2.0,600.0,300.0,0.0009056976345465125,
719,الهنا,عجينه سجق 5 كيلو الهنا طبق,758.0,160240.0,211.39841688654354,0.24188164826622194,-2.9440628066732093
719,الهنا,عجينه كفته طبق,3.0,600.0,200.0,0.0009056976345465125,
721,ابوهاشم,سجق شرقى 3 ك ابو هاشم كيس 3 كيلو,1.0,0.0,0.0,0.0,
721,الهنا,بانيه 800 جرام طبق,13.0,624.0,48.0,0.000941925539928373,
721,الهنا,برجر الهنا 400 جرام طبق,106.0,2483.76,23.43169811320755,0.0037492259279687436,
721,الهنا,برجر الهنا 900 جرام طبق,636.0,31275.0,49.174528301886795,0.04720948920073697,
721,الهنا,كفته الهنا 350 طبق,15.0,342.38,22.825333333333333,0.0005168212601933916,
724,الهنا,بانيه 800 جرام طبق,12.0,600.0,50.0,0.0009056976345465125,
724,الهنا,برجر الهنا 400 جرام طبق,105.0,2483.77,23.65495238095238,0.003749241022929319,
724,الهنا,برجر الهنا 900 جرام طبق,84.0,4078.62,48.555,0.006156660810356827,
724,الهنا,سجق الهنا 350 طبق,90.0,2241.0,24.9,0.003382780665031224,
724,الهنا,كفته الهنا 350 طبق,105.0,2054.25,19.564285714285713,0.0031008822762786225,
724,الهنا,كفته الهنا 800 جرام طبق,120.0,5577.6,46.480000000000004,0.00841936521074438,
725,ابوهاشم,برجر 400 جم ابو هاشم طبق,1.0,45.0,45.0,6.792732259098843e-05,
725,ابوهاشم,سجق 350 جم ابو هاشم طبق,1.0,45.0,45.0,6.792732259098843e-05,
725,ابوهاشم,سجق شرقى 3 ك ابو هاشم كيس 3 كيلو,120.0,37400.0,311.6666666666667,0.05645515255339928,86.66666666666667
726,الهنا,برجر الهنا 900 جرام طبق,300.0,14566.500000000002,48.55500000000001,0.02198807432270296,
727,الهنا,بانيه 800 جرام طبق,1716.0,84000.0,48.95104895104895,0.12679766883651175,
728,اسبشيال,برجر اسبشيال عائلى طبق,12.0,684.75,57.0625,0.0010336274254262074,
728,اسبشيال,سجق اسبيشيال عائلى طبق,12.0,728.57,60.71416666666667,0.0010997735426692544,
728,اسبشيال,كفته اسبيشيال عائلى طبق,12.0,634.95,52.9125,0.0009584545217588469,
728,الهنا,بانيه 800 جرام طبق,11280.0,602280.0,53.3936170212766,0.9091392855577892,
728,الهنا,برجر الهنا 400 جرام طبق,1650.0,37038.74,22.447721212121213,0.05590983200763882,
728,الهنا,برجر الهنا 900 جرام طبق,10944.0,542793.0,49.597313596491226,0.8193438935806753,0.0
728,الهنا,سجق الهنا 350 طبق,975.0,24862.5,25.5,0.037529845731521114,
728,الهنا,سجق الهنا 800 جرام طبق,2172.0,121186.2,55.79475138121547,0.18293009113280095,-25.0
728,الهنا,عرض مصنعات طبق,6655.0,496000.0,74.53042824943651,0.7487100445584504,100.0
728,الهنا,كفته الهنا 350 طبق,25927.0,551728.25,21.280065183013846,0.8328316182291449,268.0570409982175
728,الهنا,كفته الهنا 800 جرام طبق,2304.0,114036.0,49.494791666666664,0.17213689242191016,
729,ابوهاشم,برجر 400 جم ابو هاشم طبق,100.0,4500.0,45.0,0.006792732259098844,
729,ابوهاشم,برجر ابو هاشم 1 ك طبق,60.0,6000.0,100.0,0.009056976345465125,
729,ابوهاشم,برجر ابو هاشم جامبو 1.5 كيلو طبق,45.0,7650.0,170.0,0.011547644840468035,
729,ابوهاشم,سجق 350 جم ابو هاشم طبق,100.0,4500.0,45.0,0.006792732259098844,
729,ابوهاشم,سجق 800 ابو هاشم طبق,80.0,7600.0,95.0,0.01147217003758916,
729,ابوهاشم,سجق شرقى 3 ك ابو هاشم كيس 3 كيلو,1398.0,473650.0,338.80543633762517,0.7149728076715928,17.272727272727273
729,ابوهاشم,كبده اسكندرانى 400 طبق,248.0,16864.0,68.0,0.02545614151498731,
729,ابوهاشم,كفته 350 جم ابو هاشم طبق,100.0,4000.0,40.0,0.006037984230310083,
729,ابوهاشم,كفته ابو هاشم 800 طبق,80.0,7200.0,90.0,0.010868371614558149,
729,ابوهاشم,مفروم صويا 350 جم طبق,2097.0,136305.0,65.0,0.20575186012810395,
729,ابوهاشم,مفروم صويا 400 جم طبق,7989.0,536936.0,67.20941294279635,0.8105027751714438,0.7641727385818375
729,اسبشيال,بانيه 800 جرام اسباشيل كيس,120.0,6000.0,50.0,0.009056976345465125,
729,الهنا,استربس الهنا 800 جرام,120.0,18000.0,150.0,0.027170929036395376,
729,الهنا,بانيه 700 جرام طبق,36.0,1692.0,47.0,0.0025540673294211654,
729,الهنا,بانيه 800 جرام طبق,12192.0,631728.0,51.81496062992126,0.9535909254613321,30.744231394215145
729,الهنا,برجر الهنا 400 جرام طبق,5175.0,126894.785,24.520731400966184,0.19154717768464713,4.427828890680157
729,الهنا,برجر الهنا 900 جرام طبق,12936.0,676385.1,52.287036178107606,1.021000641854177,25.4257913370926
729,الهنا,سجق الهنا 3 كيلو طبق,39.0,7488.0,192.0,0.011303106479140476,
729,الهنا,سجق الهنا 350 طبق,5580.0,149679.0,26.824193548387097,0.22593986040214575,20.50163576881134
729,الهنا,سجق الهنا 5 كيلو طبق,490.0,156940.0,320.2857142857143,0.23690031127621614,-45.65217391304348
729,الهنا,سجق الهنا 800 جرام طبق,7260.0,396617.39999999997,54.63049586776859,0.5986924016666465,55.54056639877536
729,الهنا,عرض مصنعات طبق,210.0,11550.0,55.0,0.017434679465020368,
729,الهنا,كفته الهنا 350 طبق,8040.0,98392.17,12.237832089552239,0.14852259271149723,28.19153323200546
729,الهنا,كفته الهنا 800 جرام طبق,13164.0,642602.3999999999,48.81513217866909,0.9700057893898529,0.7965545690448751
731,الهنا,برجر الهنا 900 جرام طبق,120.0,5967.0,49.725,0.009007162975565065,
732,اسبشيال,بانيه 900 جرام اسباشيل كيس,1.0,0.0,0.0,0.0,
732,اسبشيال,برجر اسبشيال صغير طبق,90.0,2550.1,28.334444444444443,0.0038493658964284354,
732,اسبشيال,برجر اسبشيال عائلى طبق,72.0,4533.5,62.96527777777778,0.006843300377027691,
732,اسبشيال,كفته اسبيشيال صغير طبق,45.0,1239.73,27.549555555555557,0.00187136754746058,
732,اسبشيال,كفته اسبيشيال عائلى طبق,36.0,2210.27,61.396388888888886,0.0033363938511818667,
732,الهنا,برجر الهنا 900 جرام طبق,60.0,2913.3,48.555,0.004397614864540591,
732,الهنا,كفته الهنا 800 جرام طبق,60.0,2788.8,46.480000000000004,0.00420968260537219,
735,ابوهاشم,مفروم صافى 400 جم طبق,14.0,1120.0,80.0,0.0016906355844868233,
736,الهنا,بانيه 800 جرام طبق,300.0,15000.0,50.0,0.02264244086366281,
736,الهنا,برجر الهنا 400 جرام طبق,135.0,3236.1800000000003,23.971703703703707,0.004885000951611222,
736,الهنا,برجر الهنا 900 جرام طبق,108.0,5314.139999999999,49.20499999999999,0.008021673379415006,
736,الهنا,سجق الهنا 350 طبق,45.0,1147.5,25.5,0.001732146726070205,
736,الهنا,كفته الهنا 350 طبق,120.0,2454.37,20.453083333333332,0.00370486183883654,
736,الهنا,كفته الهنا 800 جرام طبق,204.0,9616.32,47.138823529411766,0.014515797128403864,
738,اسبشيال,بانيه 800 جرام اسباشيل كيس,72.0,3600.0,50.0,0.0054341858072790745,
738,اسبشيال,برجر اسبشيال صغير طبق,15.0,425.2,28.346666666666668,0.0006418377236819618,
738,اسبشيال,برجر اسبشيال عائلى طبق,48.0,3203.9,66.74791666666667,0.004836274418872619,
738,الهنا,بانيه 800 جرام طبق,3504.0,184200.0,52.56849315068493,0.2780491738057793,2.6455026455026456
738,الهنا,بانيه 900 جرام طبق,180.0,10425.0,57.916666666666664,0.01573649640024565,
738,الهنا,برجر الهنا 400 جرام طبق,75.0,1774.12,23.654933333333332,0.002678027145669431,
738,الهنا,برجر الهنا 900 جرام طبق,816.0,40302.48,49.390294117647066,0.060836434670596885,
738,الهنا,كفته الهنا 350 طبق,30.0,0.0,0.0,0.0,
738,الهنا,كفته الهنا 800 جرام طبق,120.0,5577.6,46.480000000000004,0.00841936521074438,
740,الهنا,برجر الهنا 400 جرام طبق,14.0,331.17,23.655,0.0004998998093879476,
740,الهنا,برجر الهنا 900 جرام طبق,22.0,1068.21,48.555,0.0016124587836648834,
740,الهنا,كفته الهنا 350 طبق,28.0,639.1,22.825,0.0009647189303977936,
740,الهنا,كفته الهنا 800 جرام طبق,48.0,2231.04,46.48,0.0033677460842977515,
743,ابوهاشم,كفته 350 جم ابو هاشم طبق,1.0,0.0,0.0,0.0,
743,ابوهاشم,مفروم صافى 400 جم طبق,1.0,0.0,0.0,0.0,
743,الهنا,بانيه 800 جرام طبق,1.0,0.0,0.0,0.0,
743,الهنا,برجر الهنا 400 جرام طبق,105.0,2543.64,24.225142857142856,0.003839614551896485,
743,الهنا,برجر الهنا 900 جرام طبق,84.0,4176.9,49.724999999999994,0.006305014082895546,
743,الهنا,كفته الهنا 350 طبق,90.0,2103.74,23.374888888888886,0.0031755872361681338,
743,الهنا,كفته الهنا 800 جرام طبق,72.0,3427.2000000000003,47.6,0.00517334488852968,
745,ابوهاشم,كبده اسكندرانى 400 طبق,70.0,5100.0,72.85714285714286,0.007698429893645356,
745,ابوهاشم,مفروم صافى 400 جم طبق,90.0,7600.0,84.44444444444444,0.01147217003758916,
745,ابوهاشم,مفروم صويا 400 جم طبق,35.0,2275.0,65.0,0.00343410353098886,
745,الهنا,بانيه 800 جرام طبق,120.0,6240.0,52.0,0.00941925539928373,
745,الهنا,برجر الهنا 400 جرام طبق,90.0,2271.74,25.241555555555554,0.0034291825738411567,
745,الهنا,برجر الهنا 900 جرام طبق,84.0,4399.5,52.375,0.006641027905312302,
745,الهنا,سجق الهنا 350 طبق,60.0,1575.0,26.25,0.0023774562906845953,
745,الهنا,سجق الهنا 5 كيلو طبق,5.0,1500.0,300.0,0.002264244086366281,
745,الهنا,كفته الهنا 350 طبق,105.0,2553.0,24.314285714285713,0.003853743434995411,
745,الهنا,كفته الهنا 800 جرام طبق,48.0,2352.0,49.0,0.003550334727422329,
746,ابوهاشم,سجق شرقى 3 ك ابو هاشم كيس 3 كيلو,37.0,12935.0,349.5945945945946,0.019525331504765233,-59.56873315363881
746,ابوهاشم,كبده اسكندرانى 400 طبق,20.0,1460.0,73.0,0.0022038642440631805,
746,الهنا,بانيه 800 جرام طبق,246.0,12864.0,52.292682926829265,0.019418157284677228,-85.75129533678756
746,الهنا,بانيه 900 جرام طبق,20.0,1280.0,64.0,0.0019321549536992267,
746,الهنا,برجر الهنا 400 جرام طبق,255.0,6677.62,26.186745098039214,0.010079841064000805,-82.38341968911918
746,الهنا,برجر الهنا 900 جرام طبق,276.0,14720.7,53.33586956521739,0.02222083861478141,-37.9615952732644
746,الهنا,سجق الهنا 350 طبق,15.0,382.5,25.5,0.0005773822420234017,
746,الهنا,سجق الهنا 5 كيلو طبق,116.0,36800.0,317.2413793103448,0.05554945491885277,-49.31506849315068
746,الهنا,كفته الهنا 350 طبق,195.0,4833.37,24.78651282051282,0.007295952959813461,-73.10924369747899
746,الهنا,كفته الهنا 800 جرام طبق,120.0,6082.2,50.684999999999995,0.009181056921397996,-72.76422764227641
751,الهنا,سجق الهنا 5 كيلو طبق,2.0,600.0,300.0,0.0009056976345465125,
754,الهنا,بانيه 800 جرام طبق,24.0,1152.0,48.0,0.001738939458329304,
754,الهنا,برجر الهنا 400 جرام طبق,45.0,1154.25,25.65,0.0017423358244588534,
754,الهنا,برجر الهنا 900 جرام طبق,12.0,631.8,52.65,0.0009536996091774776,
754,الهنا,سجق الهنا 350 طبق,45.0,1215.0,27.0,0.0018340377099566878,
754,الهنا,كفته الهنا 350 طبق,45.0,1113.75,24.75,0.001681201234126964,
754,الهنا,كفته الهنا 800 جرام طبق,48.0,2419.2,50.4,0.0036517728624915384,
755,الهنا,بانيه 900 جرام طبق,12.0,660.0,55.0,0.0009962673980011638,
755,الهنا,برجر الهنا 400 جرام طبق,135.0,3236.1800000000003,23.971703703703707,0.004885000951611222,
755,الهنا,كفته الهنا 350 طبق,150.0,3465.0,23.1,0.005230403839506109,
756,الهنا,بانيه 900 جرام طبق,1.0,0.0,0.0,0.0,
756,الهنا,برجر الهنا 400 جرام طبق,45.0,1064.48,23.65511111111111,0.0016068283633701194,
756,الهنا,برجر الهنا 900 جرام طبق,1020.0,47813.22,46.87570588235294,0.07217386709008668,
756,الهنا,سجق الهنا 350 طبق,600.0,15201.0,25.335,0.022945849571235896,
756,الهنا,سجق الهنا 5 كيلو طبق,26.0,7800.0,300.0,0.011774069249104662,
756,الهنا,كفته الهنا 350 طبق,15.0,0.0,0.0,0.0,
756,الهنا,كفته الهنا 800 جرام طبق,204.0,9643.2,47.27058823529412,0.014556372382431551,
758,ابوهاشم,برجر ابو هاشم جامبو 1.5 كيلو طبق,9.0,1530.0,170.0,0.002309528968093607,
758,ابوهاشم,سجق شرقى 3 ك ابو هاشم كيس 3 كيلو,4.0,1300.0,325.0,0.001962344874850777,
758,اسبشيال,بانيه 900 جرام اسباشيل كيس,770.0,42350.0,55.0,0.06392715803840801,
758,اسبشيال,برجر اسبشيال صغير طبق,420.0,10710.0,25.5,0.01616670277665525,
758,اسبشيال,برجر اسبشيال عائلى طبق,372.0,21738.75,58.4375,0.03281455742166333,
758,اسبشيال,كفته اسبيشيال صغير طبق,255.0,5960.62,23.37498039215686,0.008997532390717723,
758,الهنا,بانيه 800 جرام طبق,36.0,1728.0,48.0,0.002608409187493956,
758,الهنا,برجر الهنا 400 جرام طبق,120.0,2907.0,24.225,0.004388105039377853,
758,الهنا,برجر الهنا 900 جرام طبق,96.0,4773.6,49.725,0.007205730380452054,
758,الهنا,سجق الهنا 5 كيلو طبق,7.0,2100.0,300.0,0.0031699417209127938,
758,الهنا,كفته الهنا 350 طبق,30.0,701.25,23.375,0.0010585341103762364,
761,الهنا,برجر الهنا 400 جرام طبق,150.0,3548.25,23.655,0.005356069386299438,
761,الهنا,برجر الهنا 900 جرام طبق,240.0,11653.2,48.555,0.017590459458162365,
761,الهنا,كفته الهنا 350 طبق,75.0,1711.88,22.825066666666668,0.0025840761110458065,
761,الهنا,كفته الهنا 800 جرام طبق,120.0,5577.6,46.480000000000004,0.00841936521074438,
765,ابوهاشم,برجر ابو هاشم جامبو 1.5 كيلو طبق,36.0,5890.5,163.625,0.008891686527160386,
765,ابوهاشم,كبده اسكندرانى 400 طبق,40.0,2720.0,68.0,0.004105829276610857,
765,ابوهاشم,مفروم صافى 400 جم طبق,21.0,1680.0,80.0,0.0025359533767302348,
765,ابوهاشم,مفروم صويا 3 كيلو طبق,8.0,3480.0,435.0,0.0052530462803697725,
765,ابوهاشم,مفروم صويا 400 جم طبق,20.0,1160.0,58.0,0.0017510154267899242,
765,اسبشيال,بانيه 900 جرام اسباشيل كيس,50.0,2750.0,55.0,0.004151114158338182,
765,اسبشيال,برجر اسبشيال عائلى طبق,24.0,1369.5,57.0625,0.0020672548508524147,
765,اسبشيال,عجينة سجق بقرى 5 ك اسبشيال طبق,2.0,770.0,385.0,0.001162311964334691,
765,اسبشيال,كفته اسبيشيال عائلى طبق,24.0,1269.9,52.9125,0.0019169090435176938,
765,الهنا,بانيه 800 جرام طبق,300.0,15000.0,50.0,0.02264244086366281,
765,الهنا,برجر الهنا 400 جرام طبق,45.0,1090.12,24.224888888888888,0.0016455318422864068,
765,الهنا,برجر الهنا 900 جرام طبق,36.0,1790.1,49.724999999999994,0.00270214889266952,
765,الهنا,سجق الهنا 5 كيلو طبق,1.0,300.0,300.0,0.00045284881727325623,
765,الهنا,كفته الهنا 350 طبق,30.0,701.25,23.375,0.0010585341103762364,
765,الهنا,كفته الهنا 800 جرام طبق,24.0,1142.4,47.6,0.0017244482961765598,
768,الهنا,بانيه 800 جرام طبق,12.0,600.0,50.0,0.0009056976345465125,
768,الهنا,برجر الهنا 400 جرام طبق,270.0,6540.76,24.225037037037037,0.009873251433560746,
768,الهنا,برجر الهنا 900 جرام طبق,564.0,28044.899999999998,49.724999999999994,0.04233366598515581,
768,الهنا,سجق الهنا 350 طبق,135.0,3442.5,25.5,0.005196440178210616,
768,الهنا,سجق الهنا 800 جرام طبق,132.0,6844.2,51.85,0.010331292917272068,
768,الهنا,كفته الهنا 350 طبق,315.0,6311.24,20.03568253968254,0.009526791898425552,
768,الهنا,كفته الهنا 800 جرام طبق,384.0,18278.4,47.6,0.027591172738824957,
770,ابوهاشم,برجر ابو هاشم جامبو 1.5 كيلو طبق,9.0,1530.0,170.0,0.002309528968093607,
770,الهنا,بانيه 800 جرام طبق,12.0,600.0,50.0,0.0009056976345465125,
771,ابوهاشم,برجر 400 جم ابو هاشم طبق,1.0,0.0,0.0,0.0,
771,ابوهاشم,سجق 350 جم ابو هاشم طبق,1.0,0.0,0.0,0.0,
771,ابوهاشم,كفته 350 جم ابو هاشم طبق,1.0,0.0,0.0,0.0,
771,الهنا,برجر الهنا 900 جرام طبق,12.0,702.0,58.5,0.0010596662324194196,
771,الهنا,كفته الهنا 800 جرام طبق,12.0,672.0,56.0,0.001014381350692094,
772,ابوهاشم,برجر ابو هاشم 1 ك طبق,2.0,260.0,130.0,0.00039246897497015543,
772,ابوهاشم,سجق 350 جم ابو هاشم طبق,1.0,0.0,0.0,0.0,
772,اسبشيال,بانيه 800 جرام اسباشيل كيس,192.0,10272.0,53.5,0.015505543503436294,
772,الهنا,استربس الهنا 900 جرام,20.0,3100.0,155.0,0.004679437778490315,
772,الهنا,بانيه 700 جرام طبق,1164.0,55212.0,47.43298969072165,0.08334229633097008,
772,الهنا,بانيه 800 جرام طبق,2208.0,112518.0,50.95923913043478,0.1698454774065075,18.81104033970276
772,الهنا,برجر الهنا 400 جرام طبق,15.0,363.38,24.22533333333333,0.0005485206774025195,
772,الهنا,برجر الهنا 800 جرام طبق,1992.0,86659.20000000001,43.50361445783133,0.1308117207528219,-57.2829131652661
772,الهنا,برجر الهنا 900 جرام طبق,1356.0,68735.94,50.69022123893806,0.10375663044388501,60.0
772,الهنا,سجق الهنا 350 طبق,15.0,459.0,30.6,0.000692858690428082,
772,الهنا,سجق الهنا 800 جرام طبق,1752.0,107949.9,61.6152397260274,0.16294994846588762,-14.357909935926358
772,الهنا,كفته الهنا 800 جرام طبق,4968.0,235000.68000000002,47.30287439613527,0.3547325999880366,-36.37226970560304
773,الهنا,بانيه 800 جرام طبق,156.0,7800.0,50.0,0.011774069249104662,
773,الهنا,برجر الهنا 400 جرام طبق,90.0,2137.51,23.750111111111114,0.003226562918032527,
773,الهنا,برجر الهنا 900 جرام طبق,48.0,2344.6800000000003,48.847500000000004,0.0035392852162808622,
773,الهنا,سجق الهنا 350 طبق,75.0,1867.5,24.9,0.0028189838875260203,
773,الهنا,كفته الهنا 350 طبق,375.0,7915.87,21.108986666666667,0.011948974557296169,
773,الهنا,كفته الهنا 800 جرام طبق,180.0,8433.6,46.85333333333334,0.012730485951185781,
774,اسبشيال,بانيه 800 جرام اسباشيل كيس,48.0,2568.0,53.5,0.0038763858758590736,
774,الهنا,بانيه 800 جرام طبق,12.0,642.0,53.5,0.0009690964689647684,
774,الهنا,برجر الهنا 400 جرام طبق,15.0,363.38,24.22533333333333,0.0005485206774025195,
774,الهنا,برجر الهنا 800 جرام طبق,444.0,19186.2,43.212162162162166,0.028961493259893827,
774,الهنا,برجر الهنا 900 جرام طبق,936.0,45398.340000000004,48.502500000000005,0.06852861525056388,
774,الهنا,سجق الهنا 800 جرام طبق,2052.0,107558.76,52.416549707602336,0.16235952417792673,
774,الهنا,كفته الهنا 800 جرام طبق,2100.0,89510.4,42.623999999999995,0.13511559591218691,
775,الهنا,بانيه 800 جرام طبق,60.0,3169.8,52.830000000000005,0.004784800603309226,
775,الهنا,برجر الهنا 900 جرام طبق,60.0,3159.0,52.65,0.004768498045887389,
775,الهنا,سجق الهنا 800 جرام طبق,60.0,3294.0,54.9,0.004972280013660353,
775,الهنا,كفته الهنا 800 جرام طبق,60.0,3024.0,50.4,0.004564716078114423,
776,ابوهاشم,كبده اسكندرانى 400 طبق,178.0,12104.0,68.0,0.018270940280918312,
776,ابوهاشم,مفروم صافى 400 جم طبق,120.0,9600.0,80.0,0.0144911621527442,
776,ابوهاشم,مفروم صويا 400 جم طبق,10.0,550.0,55.0,0.0008302228316676364,
776,اسبشيال,بانيه 800 جرام اسباشيل كيس,384.0,19728.0,51.375,0.02977933822388933,
776,اسبشيال,بانيه 900 جرام اسباشيل كيس,1070.0,62140.0,58.074766355140184,0.09380008501786714,84.5703125
776,اسبشيال,برجر اسبشيال صغير طبق,1470.0,40414.5,27.492857142857144,0.06100552841896671,229.99999999999997
776,اسبشيال,برجر اسبشيال عائلى طبق,648.0,41439.0,63.949074074074076,0.06255200712995487,480.0
776,اسبشيال,سجق اسبيشيال صغير طبق,300.0,10767.0,35.89,0.016252744051937166,
776,اسبشيال,كفته اسبيشيال صغير طبق,1455.0,34573.115,23.761591065292095,0.05218798079067424,91.66666666666666
776,اسبشيال,كفته اسبيشيال عائلى طبق,504.0,30202.199999999997,59.925,0.0455901018301678,240.00000000000003
776,الهنا,بانيه 800 جرام طبق,2064.0,104496.0,50.627906976744185,0.15773630003262062,
776,الهنا,بانيه 900 جرام طبق,260.0,14840.0,57.07692307692308,0.02240092149445041,
776,الهنا,برجر الهنا 400 جرام طبق,1575.0,40274.92,25.571377777777776,0.06079483295925004,0.0
776,الهنا,برجر الهنا 900 جرام طبق,576.0,29688.61,51.54272569444444,0.04481483974995656,
776,الهنا,سجق الهنا 350 طبق,345.0,9198.9,26.663478260869564,0.013885703284049856,
776,الهنا,سجق الهنا 800 جرام طبق,36.0,1906.13,52.948055555555555,0.00287729572023024,
776,الهنا,كفته الهنا 350 طبق,1605.0,36875.61,22.975457943925235,0.0556635879157662,120.0
776,الهنا,كفته الهنا 800 جرام طبق,576.0,28419.43,49.33928819444444,0.04289901754360032,
777,الهنا,بانيه 800 جرام طبق,60.0,3000.0,50.0,0.004528488172732562,
777,الهنا,برجر الهنا 400 جرام طبق,15.0,363.38,24.22533333333333,0.0005485206774025195,
777,الهنا,برجر الهنا 900 جرام طبق,24.0,1193.4,49.725,0.0018014325951130135,
777,الهنا,كفته الهنا 350 طبق,15.0,350.62,23.374666666666666,0.0005292595077078303,
777,الهنا,كفته الهنا 800 جرام طبق,24.0,1142.4,47.6,0.0017244482961765598,
778,ابوهاشم,برجر ابو هاشم 1 ك طبق,12.0,1584.0,132.0,0.002391041755202793,
778,ابوهاشم,برجر ابو هاشم جامبو 1.5 كيلو طبق,81.0,14310.0,176.66666666666666,0.021600888583934323,
778,ابوهاشم,سجق شرقى 3 ك ابو هاشم كيس 3 كيلو,1.0,325.0,325.0,0.0004905862187126942,
778,ابوهاشم,كفته 350 جم ابو هاشم طبق,20.0,800.0,40.0,0.0012075968460620165,
778,ابوهاشم,كفته ابو هاشم 800 طبق,1.0,0.0,0.0,0.0,
778,اسبشيال,بانيه 900 جرام اسباشيل كيس,200.0,11000.0,55.0,0.016604456633352728,
778,اسبشيال,برجر اسبشيال صغير طبق,90.0,2250.0,25.0,0.003396366129549422,
778,اسبشيال,برجر اسبشيال عائلى طبق,72.0,4125.0,57.291666666666664,0.006226671237507274,
778,اسبشيال,كفته اسبيشيال صغير طبق,90.0,2062.5,22.916666666666668,0.003113335618753637,
778,الهنا,بانيه 800 جرام طبق,5417.0,273504.0,50.48993908067196,0.41285320973168227,-65.625
778,الهنا,بانيه 900 جرام طبق,40.0,2200.0,55.0,0.0033208913266705455,
778,الهنا,برجر الهنا 400 جرام طبق,555.0,14522.23,26.16618018018018,0.021921248932234,248.03149606299212
778,الهنا,برجر الهنا 900 جرام طبق,420.0,21567.9,51.35214285714286,0.03255666002022621,176.67984189723316
778,الهنا,سجق الهنا 5 كيلو طبق,15.0,4500.0,300.0,0.006792732259098844,
778,الهنا,كفته الهنا 350 طبق,345.0,8351.24,24.206492753623188,0.012606163855883696,190.9090909090909
779,الهنا,بانيه 800 جرام طبق,24.0,1200.0,50.0,0.001811395269093025,
779,الهنا,برجر الهنا 400 جرام طبق,60.0,1453.5,24.225,0.0021940525196889266,
779,الهنا,برجر الهنا 900 جرام طبق,48.0,2386.8,49.725,0.003602865190226027,
779,الهنا,كفته الهنا 350 طبق,60.0,1402.5,23.375,0.002117068220752473,
779,الهنا,كفته الهنا 800 جرام طبق,48.0,2284.8,47.6,0.0034488965923531196,
780,الهنا,بانيه 800 جرام طبق,24.0,1200.0,50.0,0.001811395269093025,
780,الهنا,برجر الهنا 400 جرام طبق,255.0,6032.0199999999995,23.65498039215686,0.009105310409228757,
780,الهنا,برجر الهنا 900 جرام طبق,516.0,25222.86,48.88151162790698,0.03807380773082975,
780,الهنا,سجق الهنا 350 طبق,150.0,3379.5,22.53,0.005101341926583232,
780,الهنا,كفته الهنا 350 طبق,495.0,9928.89,20.058363636363634,0.014987620311120869,
780,الهنا,كفته الهنا 800 جرام طبق,300.0,13507.2,45.024,0.02038906514891109,
781,ابوهاشم,كبده اسكندرانى 400 طبق,20.0,1360.0,68.0,0.0020529146383054283,
781,ابوهاشم,مفروم صافى 400 جم طبق,20.0,1600.0,80.0,0.002415193692124033,
781,الهنا,برجر الهنا 900 جرام طبق,12.0,702.0,58.5,0.0010596662324194196,
781,الهنا,كفته الهنا 350 طبق,15.0,412.5,27.5,0.0006226671237507274,
781,الهنا,كفته الهنا 800 جرام طبق,12.0,672.0,56.0,0.001014381350692094,
782,اسبشيال,بانيه 900 جرام اسباشيل كيس,50.0,2750.0,55.0,0.004151114158338182,
782,الهنا,بانيه 800 جرام طبق,60.0,3000.0,50.0,0.004528488172732562,
782,الهنا,بانيه 900 جرام طبق,260.0,14300.0,55.0,0.021585793623358548,
782,الهنا,برجر الهنا 400 جرام طبق,90.0,2171.6899999999996,24.129888888888885,0.003278157493280526,
782,الهنا,برجر الهنا 900 جرام طبق,1032.0,51119.64,49.53453488372093,0.07716489504478213,
782,الهنا,كفته الهنا 350 طبق,75.0,1753.13,23.37506666666667,0.002646342823420879,
782,الهنا,كفته الهنا 800 جرام طبق,384.0,18197.76,47.38999999999999,0.027469446976741904,
783,ابوهاشم,برجر ابو هاشم جامبو 1.5 كيلو طبق,1.0,150.0,150.0,0.00022642440863662812,
783,اسبشيال,بانيه 800 جرام اسباشيل كيس,108.0,5400.0,50.0,0.008151278710918612,
783,الهنا,بانيه 800 جرام طبق,300.0,15000.0,50.0,0.02264244086366281,
783,الهنا,برجر الهنا 400 جرام طبق,120.0,2889.9,24.0825,0.004362292656793277,
783,الهنا,برجر الهنا 900 جرام طبق,420.0,20477.34,48.75557142857143,0.03091046399967447,
783,الهنا,سجق الهنا 350 طبق,60.0,1530.0,25.5,0.002309528968093607,
783,الهنا,سجق الهنا 800 جرام طبق,24.0,1215.12,50.629999999999995,0.0018342188494835968,
783,الهنا,كفته الهنا 350 طبق,120.0,2780.26,23.168833333333335,0.004196791509040478,
783,الهنا,كفته الهنا 800 جرام طبق,660.0,28647.360000000004,43.405090909090916,0.04324307698000397,
784,ابوهاشم,برجر 400 جم ابو هاشم طبق,1.0,0.0,0.0,0.0,
784,ابوهاشم,سجق 350 جم ابو هاشم طبق,1.0,0.0,0.0,0.0,
784,ابوهاشم,سجق شرقى 3 ك ابو هاشم كيس 3 كيلو,1313.0,449200.0,342.1172886519421,0.6780656290638224,-13.711583924349883
784,ابوهاشم,كفته 350 جم ابو هاشم طبق,1.0,0.0,0.0,0.0,
784,اسبشيال,بانيه 800 جرام اسباشيل كيس,12.0,600.0,50.0,0.0009056976345465125,
784,اسبشيال,برجر اسبشيال صغير طبق,271.0,7006.5,25.854243542435423,0.0105762841274169,-44.565217391304344
784,اسبشيال,سجق اسبيشيال صغير طبق,1.0,0.0,0.0,0.0,
784,اسبشيال,كفته اسبيشيال صغير طبق,271.0,6524.63,24.076125461254613,0.00984890326215202,-43.11663479923518
784,الهنا,استربس الهنا 900 جرام,50.0,7750.0,155.0,0.011698594446225787,
785,الهنا,سجق الهنا 5 كيلو طبق,10.0,3000.0,300.0,0.004528488172732562,
786,ابوهاشم,سجق شرقى 3 ك ابو هاشم كيس 3 كيلو,3.0,960.0,320.0,0.00144911621527442,
786,الهنا,برجر الهنا 400 جرام طبق,6075.0,153081.94999999998,25.19867489711934,0.23107660001127914,-23.615687513275347
786,الهنا,برجر الهنا 900 جرام طبق,3876.0,200232.9,51.659674922600615,0.30225077314731397,-26.01626016260163
786,الهنا,سجق الهنا 350 طبق,165.0,4108.5,24.9,0.006201764552557245,
786,الهنا,كفته الهنا 350 طبق,6555.0,141386.62,21.569278413424865,0.21342254548421105,-28.065111652614434
786,الهنا,كفته الهنا 800 جرام طبق,3564.0,173804.03999999998,48.76656565656565,0.2623565131710457,-34.919084307147855
787,الهنا,برجر الهنا 400 جرام طبق,15.0,363.38,24.22533333333333,0.0005485206774025195,
787,الهنا,برجر الهنا 900 جرام طبق,12.0,596.7,49.725,0.0009007162975565068,
788,اسبشيال,بانيه 800 جرام اسباشيل كيس,1992.0,99600.0,50.0,0.15034580733472108,
788,اسبشيال,برجر اسبشيال صغير طبق,1078.0,27043.5,25.086734693877553,0.04082205663309768,
788,اسبشيال,سجق اسبيشيال صغير طبق,120.0,4329.6,36.080000000000005,0.006535514130887634,
788,اسبشيال,كفته اسبيشيال صغير طبق,1500.0,34320.0,22.88,0.05180590469606052,
788,الهنا,برجر الهنا 400 جرام طبق,75.0,1774.12,23.654933333333332,0.002678027145669431,
788,الهنا,سجق الهنا 350 طبق,45.0,1120.5,24.9,0.001691390332515612,
788,الهنا,كفته الهنا 350 طبق,75.0,1711.88,22.825066666666668,0.0025840761110458065,
789,الهنا,بانيه 800 جرام طبق,70.0,3500.0,50.0,0.005283236201521323,
789,الهنا,برجر الهنا 400 جرام طبق,450.0,10687.5,23.75,0.016132739115359753,
789,الهنا,برجر الهنا 900 جرام طبق,132.0,5854.68,44.35363636363637,0.00883761637837796,
789,الهنا,سجق الهنا 350 طبق,210.0,5256.0,25.02857142857143,0.00793391127862745,
789,الهنا,كفته الهنا 350 طبق,480.0,10312.5,21.484375,0.015566678093768185,
789,الهنا,كفته الهنا 800 جرام طبق,156.0,7277.76,46.652307692307694,0.010985750027995378,
790,ابوهاشم,كبده اسكندرانى 400 طبق,1080.0,80940.0,74.94444444444444,0.12217861090032453,-86.24338624338624
790,ابوهاشم,كفته ابو هاشم 800 طبق,1.0,0.0,0.0,0.0,
790,ابوهاشم,مفروم صافى 400 جم طبق,320.0,27800.0,86.875,0.04196399040065508,
790,ابوهاشم,مفروم صويا 400 جم طبق,100.0,5800.0,58.0,0.00875507713394962,
790,الهنا,برجر الهنا 400 جرام طبق,2145.0,55647.369999999995,25.942829836829834,0.0839994856295576,-22.785768357305074
790,الهنا,برجر الهنا 900 جرام طبق,24.0,1193.4,49.725,0.0018014325951130135,
790,الهنا,سجق الهنا 350 طبق,3375.0,94171.5,27.902666666666665,0.1421515079861615,-26.912181303116146
790,الهنا,سجق الهنا 800 جرام طبق,12.0,622.2,51.85,0.0009392084470247335,
790,الهنا,كفته الهنا 350 طبق,3975.0,92456.62,23.259527044025155,0.13956290338694297,-30.594357781898264
790,الهنا,كفته الهنا 800 جرام طبق,24.0,1142.4,47.6,0.0017244482961765598,
791,ابوهاشم,برجر ابو هاشم جامبو 1.5 كيلو طبق,9.0,1530.0,170.0,0.002309528968093607,
791,الهنا,بانيه 800 جرام طبق,24.0,1152.0,48.0,0.001738939458329304,
791,الهنا,بانيه 900 جرام طبق,50.0,2750.0,55.0,0.004151114158338182,
791,الهنا,برجر الهنا 400 جرام طبق,15.0,363.38,24.22533333333333,0.0005485206774025195,
791,الهنا,برجر الهنا 900 جرام طبق,96.0,4773.6,49.725,0.007205730380452054,
791,الهنا,كفته الهنا 350 طبق,15.0,350.62,23.374666666666666,0.0005292595077078303,
791,الهنا,كفته الهنا 800 جرام طبق,36.0,1713.6,47.599999999999994,0.0025866724442648397,
792,ابوهاشم,كبده اسكندرانى 400 طبق,6.0,408.0,68.0,0.0006158743914916285,
792,ابوهاشم,مفروم صافى 400 جم طبق,6.0,480.0,80.0,0.00072455810763721,
792,الهنا,برجر الهنا 400 جرام طبق,6.0,155.61,25.935000000000002,0.00023489268151963803,
792,الهنا,برجر الهنا 900 جرام طبق,15.0,798.52,53.23466666666666,0.001205362791896802,
792,الهنا,سجق الهنا 350 طبق,6.0,163.8,27.3,0.0002472554542311979,
792,الهنا,سجق الهنا 800 جرام طبق,6.0,333.06,55.51,0.0005027527569367691,
792,الهنا,كفته الهنا 350 طبق,6.0,150.15,25.025000000000002,0.00022665083304526475,
792,الهنا,كفته الهنا 800 جرام طبق,12.0,611.52,50.96,0.0009230870291298055,
793,الهنا,برجر الهنا 900 جرام طبق,12.0,582.66,48.555,0.0008795229729081183,
793,الهنا,سجق الهنا 800 جرام طبق,12.0,607.56,50.629999999999995,0.0009171094247417984,
793,الهنا,كفته الهنا 800 جرام طبق,12.0,557.76,46.48,0.0008419365210744379,
794,ابوهاشم,سجق شرقى 3 ك ابو هاشم كيس 3 كيلو,1.0,320.0,320.0,0.0004830387384248067,
795,الهنا,برجر الهنا 400 جرام طبق,75.0,1782.6799999999998,23.769066666666664,0.0026909484319222947,
795,الهنا,برجر الهنا 900 جرام طبق,36.0,1762.02,48.945,0.0026597622433727434,
795,الهنا,كفته الهنا 350 طبق,60.0,1369.5100000000002,22.82516666666667,0.002067269945812991,
795,الهنا,كفته الهنا 800 جرام طبق,48.0,2231.04,46.48,0.0033677460842977515,
796,الهنا,بانيه 800 جرام طبق,324.0,15600.0,48.148148148148145,0.023548138498209324,
796,الهنا,برجر الهنا 900 جرام طبق,36.0,1790.1000000000001,49.725,0.0027021488926695205,
796,الهنا,كفته الهنا 800 جرام طبق,84.0,3998.4,47.6,0.00603556903661796,
797,الهنا,بانيه 800 جرام طبق,324.0,15600.0,48.148148148148145,0.023548138498209324,
797,الهنا,برجر الهنا 900 جرام طبق,12.0,596.7,49.725,0.0009007162975565068,
798,اسبشيال,عجينة سجق بقرى 5 ك اسبشيال طبق,1.0,385.0,385.0,0.0005811559821673455,
798,الهنا,بانيه 800 جرام طبق,12.0,600.0,50.0,0.0009056976345465125,
798,الهنا,برجر الهنا 900 جرام طبق,36.0,1790.1000000000001,49.725,0.0027021488926695205,
798,الهنا,كفته الهنا 800 جرام طبق,24.0,1142.4,47.6,0.0017244482961765598,
799,الهنا,بانيه 800 جرام طبق,12.0,600.0,50.0,0.0009056976345465125,
799,الهنا,برجر الهنا 900 جرام طبق,12.0,582.66,48.555,0.0008795229729081183,
799,الهنا,سجق الهنا 800 جرام طبق,12.0,607.56,50.629999999999995,0.0009171094247417984,
799,الهنا,كفته الهنا 800 جرام طبق,12.0,557.76,46.48,0.0008419365210744379,
800,الهنا,بانيه 800 جرام طبق,672.0,33600.0,50.0,0.0507190675346047,
800,الهنا,برجر الهنا 400 جرام طبق,15.0,354.82,23.654666666666667,0.000535599391149656,
800,الهنا,برجر الهنا 900 جرام طبق,756.0,36847.979999999996,48.74071428571428,0.05562188053969533,
800,الهنا,سجق الهنا 350 طبق,15.0,373.5,24.9,0.0005637967775052041,
800,الهنا,سجق الهنا 800 جرام طبق,1548.0,78309.36000000002,50.58744186046513,0.11820767019141883,
800,الهنا,كفته الهنا 350 طبق,15.0,342.38,22.825333333333333,0.0005168212601933916,
800,الهنا,كفته الهنا 800 جرام طبق,1188.0,45857.280000000006,38.600404040404044,0.0692213833712285,
801,الهنا,بانيه 800 جرام طبق,96.0,4800.0,50.0,0.0072455810763721,
801,الهنا,برجر الهنا 400 جرام طبق,165.0,3903.08,23.6550303030303,0.0058916838724096705,
801,الهنا,برجر الهنا 900 جرام طبق,84.0,4078.62,48.555,0.006156660810356827,
801,الهنا,سجق الهنا 350 طبق,45.0,1120.5,24.9,0.001691390332515612,
801,الهنا,كفته الهنا 350 طبق,120.0,2739.0,22.825,0.004134509701704829,
801,الهنا,كفته الهنا 800 جرام طبق,84.0,3904.3199999999997,46.48,0.005893555647521065,
802,ابوهاشم,برجر 400 جم ابو هاشم طبق,221.0,9900.0,44.796380090497735,0.014944010970017458,
802,ابوهاشم,برجر ابو هاشم 1 ك طبق,94.0,10119.71,107.65648936170211,0.015275662348827811,
802,ابوهاشم,برجر ابو هاشم جامبو 1.5 كيلو طبق,9.0,1530.0,170.0,0.002309528968093607,
802,ابوهاشم,سجق 350 جم ابو هاشم طبق,40.0,1800.0,45.0,0.0027170929036395373,
802,ابوهاشم,سجق شرقى 3 ك ابو هاشم كيس 3 كيلو,1771.0,597315.0,337.2755505364201,0.9016446376319167,-6.005221932114883
802,ابوهاشم,كفته 350 جم ابو هاشم طبق,141.0,5600.0,39.716312056737586,0.008453177922434116,
802,ابوهاشم,كفته ابو هاشم 800 طبق,32.0,2880.0,90.0,0.0043473486458232595,
802,اسبشيال,بانيه 900 جرام اسباشيل كيس,1027.0,55742.0,54.27653359298929,0.08414232924148617,-81.35842929733306
802,اسبشيال,برجر اسبشيال عائلى طبق,4740.0,270288.0,57.02278481012658,0.4079986704105129,-6.507791017415215
802,اسبشيال,سجق اسبيشيال صغير طبق,30.0,1056.0,35.2,0.0015940278368018622,
802,اسبشيال,عجينة سجق اسباشيل بقرى 250 جرام طبق,8.0,0.0,0.0,0.0,
802,اسبشيال,عجينة سجق بقرى 5 ك اسبشيال طبق,17.0,5950.0,350.0,0.008981501542586248,
802,اسبشيال,كفته اسبيشيال عائلى طبق,3924.0,211853.4,53.98914373088685,0.3197918720843935,-10.912375520685591
802,الهنا,بانيه 800 جرام طبق,60.0,3000.0,50.0,0.004528488172732562,
802,الهنا,بانيه 900 جرام طبق,2783.0,149586.25,53.75,0.22579985464280541,
802,الهنا,برجر الهنا 400 جرام طبق,1770.0,42934.84,24.256971751412426,0.06480997171272164,60.0
802,الهنا,برجر الهنا 900 جرام طبق,60.0,2913.3,48.555,0.004397614864540591,
802,الهنا,سجق الهنا 350 طبق,810.0,20614.5,25.45,0.031117506478931804,
802,الهنا,كفته الهنا 350 طبق,1605.0,37790.99,23.54578816199377,0.05704535041695151,-30.0
802,الهنا,كفته الهنا 800 جرام طبق,60.0,2788.8,46.480000000000004,0.00420968260537219,
803,الهنا,برجر الهنا 900 جرام طبق,48.0,2330.64,48.555,0.0035180918916324732,
804,اسبشيال,بانيه 800 جرام اسباشيل كيس,12.0,600.0,50.0,0.0009056976345465125,
804,اسبشيال,بانيه 900 جرام اسباشيل كيس,10.0,550.0,55.0,0.0008302228316676364,
804,الهنا,بانيه 700 جرام طبق,252.0,11802.0,46.833333333333336,0.0178150724715299,
804,الهنا,بانيه 800 جرام طبق,816.0,41040.0,50.294117647058826,0.06194971820298145,-68.57142857142857
804,الهنا,بانيه 900 جرام طبق,30.0,1650.0,55.0,0.0024906684950029095,
804,الهنا,برجر الهنا 400 جرام طبق,508.0,12303.800000000001,24.220078740157483,0.0185725375932223,100.0
804,الهنا,برجر الهنا 800 جرام طبق,696.0,32316.6,46.43189655172414,0.048781780294309705,-47.799511002444994
804,الهنا,برجر الهنا 900 جرام طبق,516.0,26162.4,50.70232558139535,0.039492039656766134,
804,الهنا,كفته الهنا 800 جرام طبق,96.0,4732.8,49.300000000000004,0.007144142941302891,
805,ابوهاشم,كبده اسكندرانى 400 طبق,2.0,68.0,34.0,0.00010264573191527142,
805,ابوهاشم,مفروم صويا 400 جم طبق,54.0,3074.0,56.925925925925924,0.004640190880993299,
805,اسبشيال,بانيه 800 جرام اسباشيل كيس,108.0,5400.0,50.0,0.008151278710918612,
805,اسبشيال,بانيه 900 جرام اسباشيل كيس,30.0,1650.0,55.0,0.0024906684950029095,
805,الهنا,بانيه 700 جرام طبق,60.0,2820.0,47.0,0.004256778882368609,
805,الهنا,بانيه 800 جرام طبق,361.0,18000.0,49.86149584487535,0.027170929036395376,
805,الهنا,برجر الهنا 400 جرام طبق,660.0,16045.89,24.311954545454544,0.024221207695322565,
805,الهنا,برجر الهنا 900 جرام طبق,276.0,14427.9,52.275,0.021778858169122714,
805,الهنا,سجق الهنا 350 طبق,840.0,22414.5,26.68392857142857,0.033834599382571336,
805,الهنا,كفته الهنا 350 طبق,1545.0,34048.829999999994,22.038077669902908,0.0513965746501272,
805,الهنا,كفته الهنا 800 جرام طبق,288.0,14382.0,49.9375,0.021709572300079902,
806,الهنا,بانيه 800 جرام طبق,24.0,1200.0,50.0,0.001811395269093025,
806,الهنا,برجر الهنا 900 جرام طبق,24.0,1193.4,49.725,0.0018014325951130135,
806,الهنا,كفته الهنا 800 جرام طبق,12.0,571.2,47.6,0.0008622241480882799,
807,الهنا,بانيه 800 جرام طبق,12.0,600.0,50.0,0.0009056976345465125,
807,الهنا,برجر الهنا 400 جرام طبق,15.0,363.38,24.22533333333333,0.0005485206774025195,
807,الهنا,برجر الهنا 900 جرام طبق,12.0,596.7,49.725,0.0009007162975565068,
807,الهنا,كفته الهنا 350 طبق,15.0,350.62,23.374666666666666,0.0005292595077078303,
807,الهنا,كفته الهنا 800 جرام طبق,12.0,571.2,47.6,0.0008622241480882799,
808,ابوهاشم,مفروم صويا 3 كيلو طبق,14.0,6102.0,435.85714285714283,0.009210944943338031,
808,الهنا,بانيه 800 جرام طبق,24.0,1260.0,52.5,0.0019019650325476764,
808,الهنا,برجر الهنا 900 جرام طبق,12.0,702.0,58.5,0.0010596662324194196,
808,الهنا,سجق الهنا 5 كيلو طبق,1.0,300.0,300.0,0.00045284881727325623,
808,الهنا,كفته الهنا 800 جرام طبق,12.0,672.0,56.0,0.001014381350692094,
809,ابوهاشم,سجق شرقى 3 ك ابو هاشم كيس 3 كيلو,1.0,325.0,325.0,0.0004905862187126942,
809,الهنا,برجر الهنا 900 جرام طبق,36.0,1790.1,49.724999999999994,0.00270214889266952,
809,الهنا,سجق الهنا 5 كيلو طبق,1.0,300.0,300.0,0.00045284881727325623,
809,الهنا,كفته الهنا 800 جرام طبق,12.0,571.2,47.6,0.0008622241480882799,
810,ابوهاشم,سجق 350 جم ابو هاشم طبق,20.0,900.0,45.0,0.0013585464518197686,
810,ابوهاشم,سجق شرقى 3 ك ابو هاشم كيس 3 كيلو,2.0,640.0,320.0,0.0009660774768496134,
810,ابوهاشم,كفته 350 جم ابو هاشم طبق,20.0,800.0,40.0,0.0012075968460620165,
810,ابوهاشم,كفته ابو هاشم 800 طبق,16.0,1440.0,90.0,0.0021736743229116297,
810,الهنا,بانيه 800 جرام طبق,84.0,4200.0,50.0,0.0063398834418255876,
810,الهنا,برجر الهنا 400 جرام طبق,30.0,726.75,24.225,0.0010970262598444633,
810,الهنا,برجر الهنا 900 جرام طبق,1.0,0.0,0.0,0.0,
810,الهنا,سجق الهنا 5 كيلو طبق,10.0,3000.0,300.0,0.004528488172732562,
810,الهنا,كفته الهنا 350 طبق,1.0,0.0,0.0,0.0,
811,ابوهاشم,سجق 350 جم ابو هاشم طبق,1.0,0.0,0.0,0.0,
811,الهنا,بانيه 800 جرام طبق,1.0,0.0,0.0,0.0,
812,الهنا,بانيه 800 جرام طبق,12.0,576.0,48.0,0.000869469729164652,
812,الهنا,برجر الهنا 900 جرام طبق,36.0,1790.1,49.724999999999994,0.00270214889266952,
812,الهنا,كفته الهنا 800 جرام طبق,24.0,1142.4,47.6,0.0017244482961765598,
813,الهنا,بانيه 800 جرام طبق,12.0,576.0,48.0,0.000869469729164652,
813,الهنا,برجر الهنا 900 جرام طبق,12.0,596.7,49.725,0.0009007162975565068,
814,ابوهاشم,برجر 400 جم ابو هاشم طبق,1.0,0.0,0.0,0.0,
814,ابوهاشم,سجق 350 جم ابو هاشم طبق,1.0,0.0,0.0,0.0,
814,ابوهاشم,كفته 350 جم ابو هاشم طبق,1.0,0.0,0.0,0.0,
814,الهنا,برجر الهنا 400 جرام طبق,1.0,0.0,0.0,0.0,
814,الهنا,سجق الهنا 350 طبق,1.0,0.0,0.0,0.0,
814,الهنا,كفته الهنا 350 طبق,1.0,0.0,0.0,0.0,
815,ابوهاشم,برجر 400 جم ابو هاشم طبق,1.0,0.0,0.0,0.0,
815,ابوهاشم,سجق 350 جم ابو هاشم طبق,1.0,0.0,0.0,0.0,
815,ابوهاشم,كفته 350 جم ابو هاشم طبق,1.0,0.0,0.0,0.0,
815,ابوهاشم,مفروم صافى 400 جم طبق,1.0,0.0,0.0,0.0,
815,الهنا,برجر الهنا 400 جرام طبق,1.0,0.0,0.0,0.0,
816,ابوهاشم,برجر 400 جم ابو هاشم طبق,17.0,765.0,45.0,0.0011547644840468035,
816,ابوهاشم,برجر ابو هاشم 1 ك طبق,12.0,1320.0,110.0,0.0019925347960023277,
816,ابوهاشم,برجر ابو هاشم جامبو 1.5 كيلو طبق,1.0,170.0,170.0,0.00025661432978817854,
816,ابوهاشم,سجق 350 جم ابو هاشم طبق,23.0,1035.0,45.0,0.001562328419592734,
816,ابوهاشم,سجق 800 ابو هاشم طبق,15.0,1425.0,95.0,0.002151031882047967,
816,ابوهاشم,كبده اسكندرانى 400 طبق,42.0,2856.0,68.0,0.0043111207404414,
816,ابوهاشم,كفته 350 جم ابو هاشم طبق,26.0,1040.0,40.0,0.0015698758998806217,
816,ابوهاشم,كفته ابو هاشم 800 طبق,22.0,1980.0,90.0,0.0029888021940034913,
816,ابوهاشم,مفروم صافى 400 جم طبق,48.0,3840.0,80.0,0.00579646486109768,
816,الهنا,بانيه 800 جرام طبق,5.0,275.0,55.0,0.0004151114158338182,
816,الهنا,برجر الهنا 400 جرام طبق,7.0,175.0,25.0,0.00026416181007606613,
816,الهنا,برجر الهنا 900 جرام طبق,6.0,291.0,48.5,0.0004392633527550585,
816,الهنا,سجق الهنا 350 طبق,7.0,175.0,25.0,0.00026416181007606613,
816,الهنا,سجق الهنا 800 جرام طبق,6.0,306.0,51.0,0.0004619057936187214,
816,الهنا,كفته الهنا 350 طبق,1.0,25.0,25.0,3.7737401439438015e-05,
816,الهنا,كفته الهنا 800 جرام طبق,7.0,325.5,46.5,0.000491340966741483,
817,اسبشيال,بانيه 800 جرام اسباشيل كيس,24.0,1200.0,50.0,0.001811395269093025,
817,الهنا,بانيه 800 جرام طبق,120.0,6000.0,50.0,0.009056976345465125,
817,الهنا,برجر الهنا 400 جرام طبق,765.0,19787.54,25.866065359477126,0.029869213619157498,-10.0
817,الهنا,برجر الهنا 900 جرام طبق,408.0,21203.1,51.96838235294117,0.03200599585842193,-20.0
817,الهنا,سجق الهنا 350 طبق,615.0,16983.0,27.614634146341462,0.025635771545839035,-11.11111111111111
817,الهنا,سجق الهنا 5 كيلو طبق,1.0,320.0,320.0,0.0004830387384248067,
817,الهنا,كفته الهنا 350 طبق,1020.0,23465.98,23.00586274509804,0.03542180429719295,27.27272727272727
817,الهنا,كفته الهنا 800 جرام طبق,840.0,41971.2,49.965714285714284,0.06335536093179764,66.66666666666666
818,الهنا,برجر الهنا 400 جرام طبق,45.0,1064.47,23.65488888888889,0.0016068132684095436,
818,الهنا,كفته الهنا 350 طبق,15.0,342.38,22.825333333333333,0.0005168212601933916,
818,الهنا,كفته الهنا 800 جرام طبق,24.0,1115.52,46.48,0.0016838730421488758,
819,ابوهاشم,سجق شرقى 3 ك ابو هاشم كيس 3 كيلو,2.0,640.0,320.0,0.0009660774768496134,
819,الهنا,برجر الهنا 900 جرام طبق,60.0,2913.3,48.555,0.004397614864540591,
819,الهنا,سجق الهنا 5 كيلو طبق,3.0,900.0,300.0,0.0013585464518197686,
819,الهنا,كفته الهنا 800 جرام طبق,12.0,571.2,47.6,0.0008622241480882799,
820,ابوهاشم,سجق شرقى 3 ك ابو هاشم كيس 3 كيلو,850.0,287180.0,337.8588235294118,0.4334970778151124,37.93103448275862
820,الهنا,بانيه 800 جرام طبق,12.0,702.0,58.5,0.0010596662324194196,
821,الهنا,بانيه 800 جرام طبق,720.0,36000.0,50.0,0.05434185807279075,
821,الهنا,بانيه 900 جرام طبق,120.0,6360.0,53.0,0.009600394926193032,
821,الهنا,برجر الهنا 900 جرام طبق,24.0,1193.4,49.725,0.0018014325951130135,
821,الهنا,سجق الهنا 350 طبق,45.0,1147.5,25.5,0.001732146726070205,
821,الهنا,سجق الهنا 5 كيلو طبق,10.0,3000.0,300.0,0.004528488172732562,
821,الهنا,كفته الهنا 350 طبق,45.0,1051.87,23.374888888888886,0.0015877936180840669,
821,الهنا,كفته الهنا 800 جرام طبق,60.0,2856.0,47.6,0.0043111207404414,
822,ابوهاشم,سجق شرقى 3 ك ابو هاشم كيس 3 كيلو,1.0,320.0,320.0,0.0004830387384248067,
822,ابوهاشم,كبده اسكندرانى 400 طبق,10.0,650.0,65.0,0.0009811724374253884,
822,ابوهاشم,مفروم صافى 400 جم طبق,6.0,480.0,80.0,0.00072455810763721,
822,ابوهاشم,مفروم صويا 400 جم طبق,4.0,224.0,56.0,0.0003381271168973647,
822,الهنا,كفته الهنا 350 طبق,15.0,350.62,23.374666666666666,0.0005292595077078303,
822,الهنا,كفته الهنا 800 جرام طبق,12.0,571.2,47.6,0.0008622241480882799,
823,الهنا,برجر الهنا 900 جرام طبق,12.0,596.7,49.725,0.0009007162975565068,
824,الهنا,برجر الهنا 900 جرام طبق,12.0,700.0,58.333333333333336,0.0010566472403042645,
825,الهنا,برجر الهنا 400 جرام طبق,30.0,726.75,24.225,0.0010970262598444633,
825,الهنا,برجر الهنا 900 جرام طبق,36.0,1790.1,49.724999999999994,0.00270214889266952,
825,الهنا,كفته الهنا 350 طبق,30.0,701.25,23.375,0.0010585341103762364,
825,الهنا,كفته الهنا 800 جرام طبق,60.0,2856.0,47.6,0.0043111207404414,
826,ابوهاشم,سجق شرقى 3 ك ابو هاشم كيس 3 كيلو,8.0,2560.0,320.0,0.0038643099073984535,
826,اسبشيال,بانيه 800 جرام اسباشيل كيس,396.0,19800.0,50.0,0.029888021940034915,
826,اسبشيال,بانيه 900 جرام اسباشيل كيس,100.0,5850.0,58.5,0.008830551936828497,
826,اسبشيال,كفته اسبيشيال صغير طبق,330.0,7532.25,22.825,0.011369901679688281,
826,الهنا,بانيه 700 جرام طبق,168.0,7896.0,47.0,0.011918980870632104,
826,الهنا,بانيه 800 جرام طبق,4859.0,244402.0,50.29882691911916,0.36892385546406126,-85.41666666666666
826,الهنا,برجر الهنا 400 جرام طبق,4350.0,110699.12,25.44807356321839,0.16709988521730088,-48.833724654030114
826,الهنا,برجر الهنا 800 جرام طبق,1044.0,45357.840000000004,43.44620689655173,0.06846748066023198,
826,الهنا,برجر الهنا 900 جرام طبق,1344.0,56476.560000000005,42.02125,0.08525114466554032,
826,الهنا,سجق الهنا 350 طبق,3465.0,96210.0,27.766233766233768,0.1452286156995333,-39.245532759761744
826,الهنا,سجق الهنا 5 كيلو طبق,28.0,9235.0,329.82142857142856,0.013940196091728405,
826,الهنا,كفته الهنا 350 طبق,31710.0,693444.76,21.86833049511195,1.04675213136779,-41.03138863424981
826,الهنا,كفته الهنا 800 جرام طبق,240.0,11222.400000000001,46.760000000000005,0.016940168556557972,
827,ابوهاشم,برجر 400 جم ابو هاشم طبق,5.0,225.0,45.0,0.00033963661295494216,
827,ابوهاشم,سجق 350 جم ابو هاشم طبق,5.0,225.0,45.0,0.00033963661295494216,
827,ابوهاشم,كفته 350 جم ابو هاشم طبق,5.0,200.0,40.0,0.0003018992115155041,
827,غير مصنف,كفته حاتي سيخ طبق,5.0,200.0,40.0,0.0003018992115155041,
828,ابوهاشم,برجر 400 جم ابو هاشم طبق,2.0,0.0,0.0,0.0,
828,ابوهاشم,كفته 350 جم ابو هاشم طبق,2.0,0.0,0.0,0.0,
829,الهنا,بانيه 800 جرام طبق,504.0,25512.0,50.61904761904762,0.03851026342091771,
829,الهنا,برجر الهنا 400 جرام طبق,150.0,3633.75,24.225,0.005485131299222316,
829,الهنا,برجر الهنا 900 جرام طبق,180.0,8353.8,46.41,0.012610028165791091,
829,الهنا,سجق الهنا 350 طبق,75.0,1912.5,25.5,0.0028869112101170087,
829,الهنا,سجق الهنا 5 كيلو طبق,2.0,600.0,300.0,0.0009056976345465125,
829,الهنا,كفته الهنا 350 طبق,1245.0,27348.75,21.966867469879517,0.04128283030467322,
830,الهنا,بانيه 800 جرام طبق,24.0,1200.0,50.0,0.001811395269093025,
830,الهنا,برجر الهنا 900 جرام طبق,24.0,1193.4,49.725,0.0018014325951130135,
830,الهنا,سجق الهنا 800 جرام طبق,12.0,622.2,51.85,0.0009392084470247335,
830,الهنا,كفته الهنا 800 جرام طبق,60.0,2856.0,47.6,0.0043111207404414,
831,الهنا,بانيه 800 جرام طبق,24.0,1200.0,50.0,0.001811395269093025,
831,الهنا,برجر الهنا 400 جرام طبق,75.0,1816.8900000000003,24.225200000000005,0.002742588292052022,
831,الهنا,برجر الهنا 900 جرام طبق,204.0,9547.2,46.800000000000004,0.014411460760904108,
831,الهنا,سجق الهنا 350 طبق,30.0,765.0,25.5,0.0011547644840468035,
831,الهنا,كفته الهنا 350 طبق,180.0,4207.49,23.374944444444445,0.006351189567296843,
831,الهنا,كفته الهنا 800 جرام طبق,24.0,1142.4,47.6,0.0017244482961765598,
832,الهنا,بانيه 800 جرام طبق,564.0,28248.0,50.08510638297872,0.042640244634449806,
832,الهنا,برجر الهنا 400 جرام طبق,15.0,363.38,24.22533333333333,0.0005485206774025195,
832,الهنا,برجر الهنا 900 جرام طبق,24.0,1193.4,49.725,0.0018014325951130135,
832,الهنا,سجق الهنا 350 طبق,45.0,1147.5,25.5,0.001732146726070205,
832,الهنا,كفته الهنا 350 طبق,30.0,701.25,23.375,0.0010585341103762364,
832,الهنا,كفته الهنا 800 جرام طبق,24.0,1142.4,47.6,0.0017244482961765598,
833,الهنا,بانيه 800 جرام طبق,12.0,600.0,50.0,0.0009056976345465125,
833,الهنا,برجر الهنا 400 جرام طبق,15.0,363.38,24.22533333333333,0.0005485206774025195,
833,الهنا,برجر الهنا 900 جرام طبق,12.0,596.7,49.725,0.0009007162975565068,
834,الهنا,برجر الهنا 400 جرام طبق,75.0,1816.88,24.225066666666667,0.0027425731970914463,
834,الهنا,برجر الهنا 900 جرام طبق,60.0,2983.5,49.725,0.004503581487782533,
834,الهنا,سجق الهنا 350 طبق,75.0,1912.5,25.5,0.0028869112101170087,
834,الهنا,كفته الهنا 350 طبق,90.0,1753.12,19.47911111111111,0.0026463277284603033,
834,الهنا,كفته الهنا 800 جرام طبق,60.0,2856.0,47.6,0.0043111207404414,
835,الهنا,بانيه 900 جرام طبق,10.0,550.0,55.0,0.0008302228316676364,
836,الهنا,بانيه 900 جرام طبق,50.0,2750.0,55.0,0.004151114158338182,
836,الهنا,برجر الهنا 400 جرام طبق,75.0,1816.88,24.225066666666667,0.0027425731970914463,
836,الهنا,برجر الهنا 900 جرام طبق,72.0,2983.5,41.4375,0.004503581487782533,
836,الهنا,سجق الهنا 5 كيلو طبق,5.0,1500.0,300.0,0.002264244086366281,
836,الهنا,كفته الهنا 350 طبق,75.0,1753.12,23.37493333333333,0.0026463277284603033,
836,الهنا,كفته الهنا 800 جرام طبق,60.0,2856.0,47.6,0.0043111207404414,
837,ابوهاشم,برجر 400 جم ابو هاشم طبق,1.0,0.0,0.0,0.0,
837,ابوهاشم,سجق 350 جم ابو هاشم طبق,1.0,0.0,0.0,0.0,
837,ابوهاشم,سجق شرقى 3 ك ابو هاشم كيس 3 كيلو,520.0,178960.0,344.15384615384613,0.27013941446407314,23.711340206185564
837,ابوهاشم,كفته 350 جم ابو هاشم طبق,1.0,0.0,0.0,0.0,
837,الهنا,برجر الهنا 400 جرام طبق,1.0,0.0,0.0,0.0,
837,الهنا,سجق الهنا 350 طبق,1.0,0.0,0.0,0.0,
837,الهنا,كفته الهنا 350 طبق,1.0,0.0,0.0,0.0,
838,الهنا,بانيه 900 جرام طبق,50.0,2750.0,55.0,0.004151114158338182,
838,الهنا,برجر الهنا 400 جرام طبق,345.0,8357.630000000001,24.225014492753626,0.012615809535691618,
838,الهنا,برجر الهنا 900 جرام طبق,72.0,2983.5,41.4375,0.004503581487782533,
838,الهنا,سجق الهنا 350 طبق,30.0,765.0,25.5,0.0011547644840468035,
838,الهنا,كفته الهنا 350 طبق,150.0,3506.25,23.375,0.005292670551881182,
839,اسبشيال,بانيه 800 جرام اسباشيل كيس,12.0,600.0,50.0,0.0009056976345465125,
839,اسبشيال,برجر اسبشيال صغير طبق,15.0,382.5,25.5,0.0005773822420234017,
839,اسبشيال,برجر اسبشيال عائلى طبق,24.0,1402.5,58.4375,0.002117068220752473,
839,اسبشيال,سجق اسبيشيال صغير طبق,15.0,557.81,37.18733333333333,0.0008420119958773167,
839,اسبشيال,سجق اسبيشيال عائلى طبق,24.0,1491.75,62.15625,0.0022517907438912663,
839,اسبشيال,كفته اسبيشيال عائلى طبق,24.0,1300.5,54.1875,0.001963099622879566,
840,اسبشيال,بانيه 900 جرام اسباشيل كيس,200.0,11000.0,55.0,0.016604456633352728,
840,اسبشيال,برجر اسبشيال عائلى طبق,36.0,2054.25,57.0625,0.0031008822762786225,
840,اسبشيال,سجق اسبيشيال صغير طبق,45.0,1634.06,36.312444444444445,0.0024666071278451234,
840,اسبشيال,كفته اسبيشيال صغير طبق,45.0,1027.12,22.824888888888886,0.0015504335906590231,
840,اسبشيال,كفته اسبيشيال عائلى طبق,36.0,1904.85,52.912499999999994,0.00287536356527654,
840,الهنا,برجر الهنا 400 جرام طبق,225.0,5450.63,24.225022222222222,0.008227704496313762,
840,الهنا,برجر الهنا 900 جرام طبق,96.0,2983.5,31.078125,0.004503581487782533,
840,الهنا,سجق الهنا 350 طبق,225.0,5737.5,25.5,0.008660733630351025,
840,الهنا,سجق الهنا 5 كيلو طبق,1.0,300.0,300.0,0.00045284881727325623,
840,الهنا,كفته الهنا 350 طبق,150.0,3506.24,23.37493333333333,0.005292655456920607,
840,الهنا,كفته الهنا 800 جرام طبق,60.0,2856.0,47.6,0.0043111207404414,
841,ابوهاشم,برجر 400 جم ابو هاشم طبق,201.0,9000.0,44.776119402985074,0.013585464518197688,
841,ابوهاشم,برجر 800 ابوهاشم طبق,60.0,5400.0,90.0,0.008151278710918612,
841,ابوهاشم,سجق 350 جم ابو هاشم طبق,501.0,22500.0,44.91017964071856,0.03396366129549422,
841,ابوهاشم,سجق 800 ابو هاشم طبق,180.0,17100.0,95.0,0.025812382584575605,
841,ابوهاشم,سجق شرقى 3 ك ابو هاشم كيس 3 كيلو,52.0,16640.0,320.0,0.025118014398089947,
841,ابوهاشم,كفته 350 جم ابو هاشم طبق,101.0,4000.0,39.603960396039604,0.006037984230310083,
841,ابوهاشم,كفته ابو هاشم 800 طبق,180.0,16200.0,90.0,0.024453836132755834,
841,اسبشيال,برجر اسبشيال صغير طبق,75.0,1867.5,24.9,0.0028189838875260203,
841,اسبشيال,برجر اسبشيال عائلى طبق,60.0,3423.75,57.0625,0.005168137127131037,
841,اسبشيال,سجق اسبيشيال صغير طبق,75.0,2723.44,36.312533333333334,0.004111021943048923,
841,اسبشيال,كفته اسبيشيال صغير طبق,75.0,1711.88,22.825066666666668,0.0025840761110458065,
841,اسبشيال,كفته اسبيشيال عائلى طبق,60.0,3174.75,52.9125,0.004792272608794234,
842,اسبشيال,بانيه 900 جرام اسباشيل كيس,10.0,550.0,55.0,0.0008302228316676364,
842,اسبشيال,برجر اسبشيال عائلى طبق,12.0,701.25,58.4375,0.0010585341103762364,
843,ابوهاشم,برجر 400 جم ابو هاشم طبق,20.0,900.0,45.0,0.0013585464518197686,
843,الهنا,كفته الهنا 350 طبق,15.0,350.62,23.374666666666666,0.0005292595077078303,
844,اسبشيال,بانيه 900 جرام اسباشيل كيس,1000.0,55000.0,55.0,0.08302228316676365,
844,اسبشيال,برجر اسبشيال صغير طبق,300.0,7470.0,24.9,0.011275935550104081,
844,اسبشيال,برجر اسبشيال عائلى طبق,120.0,6847.5,57.0625,0.010336274254262074,
844,اسبشيال,سجق اسبيشيال صغير طبق,75.0,2723.44,36.312533333333334,0.004111021943048923,
844,اسبشيال,كفته اسبيشيال صغير طبق,300.0,6847.5,22.825,0.010336274254262074,
844,اسبشيال,كفته اسبيشيال عائلى طبق,120.0,6349.5,52.9125,0.009584545217588468,
844,الهنا,بانيه 900 جرام طبق,250.0,13750.0,55.0,0.02075557079169091,
845,اسبشيال,بانيه 900 جرام اسباشيل كيس,1360.0,74520.0,54.794117647058826,0.11248764621067686,
845,اسبشيال,برجر اسبشيال عائلى طبق,120.0,8160.0,68.0,0.012317487829832571,
845,الهنا,بانيه 800 جرام طبق,360.0,17640.0,49.0,0.02662751045566747,
845,الهنا,بانيه 900 جرام طبق,440.0,23760.0,54.0,0.0358656263280419,
846,اسبشيال,برجر اسبشيال صغير طبق,225.0,5400.0,24.0,0.008151278710918612,
846,اسبشيال,برجر اسبشيال عائلى طبق,180.0,9900.0,55.0,0.014944010970017458,
846,اسبشيال,كفته اسبيشيال صغير طبق,225.0,4950.0,22.0,0.007472005485008729,
846,اسبشيال,كفته اسبيشيال عائلى طبق,180.0,9180.0,51.0,0.01385717380856164,
847,اسبشيال,بانيه 900 جرام اسباشيل كيس,10.0,550.0,55.0,0.0008302228316676364,
847,اسبشيال,برجر اسبشيال صغير طبق,15.0,382.5,25.5,0.0005773822420234017,
847,الهنا,برجر الهنا 400 جرام طبق,15.0,363.38,24.22533333333333,0.0005485206774025195,
847,الهنا,برجر الهنا 900 جرام طبق,12.0,596.7,49.725,0.0009007162975565068,
848,اسبشيال,بانيه 900 جرام اسباشيل كيس,10.0,550.0,55.0,0.0008302228316676364,
848,اسبشيال,برجر اسبشيال عائلى طبق,72.0,4207.5,58.4375,0.006351204662257419,
848,الهنا,بانيه 800 جرام طبق,2.0,0.0,0.0,0.0,
848,الهنا,برجر الهنا 900 جرام طبق,12.0,596.7,49.725,0.0009007162975565068,
848,الهنا,كفته الهنا 350 طبق,15.0,350.62,23.374666666666666,0.0005292595077078303,
849,اسبشيال,برجر اسبشيال صغير طبق,1.0,0.0,0.0,0.0,
849,اسبشيال,برجر اسبشيال عائلى طبق,1.0,0.0,0.0,0.0,
849,اسبشيال,سجق اسبيشيال صغير طبق,1.0,0.0,0.0,0.0,
849,اسبشيال,كفته اسبيشيال صغير طبق,1.0,0.0,0.0,0.0,
850,ابوهاشم,برجر 400 جم ابو هاشم طبق,1.0,0.0,0.0,0.0,
850,ابوهاشم,سجق 350 جم ابو هاشم طبق,1.0,0.0,0.0,0.0,
850,ابوهاشم,كفته 350 جم ابو هاشم طبق,1.0,0.0,0.0,0.0,
850,اسبشيال,برجر اسبشيال صغير طبق,1.0,0.0,0.0,0.0,
850,اسبشيال,سجق اسبيشيال صغير طبق,1.0,0.0,0.0,0.0,
850,اسبشيال,كفته اسبيشيال صغير طبق,1.0,0.0,0.0,0.0,
851,ابوهاشم,برجر ابو هاشم 1 ك طبق,1.0,100.0,100.0,0.00015094960575775206,
851,ابوهاشم,سجق 350 جم ابو هاشم طبق,1.0,45.0,45.0,6.792732259098843e-05,
851,ابوهاشم,كبده اسكندرانى 400 طبق,1.0,68.0,68.0,0.00010264573191527142,
851,ابوهاشم,كفته 350 جم ابو هاشم طبق,1.0,40.0,40.0,6.0379842303100836e-05,
852,اسبشيال,بانيه 900 جرام اسباشيل كيس,1190.0,69200.0,58.15126050420168,0.10445712718436444,
852,اسبشيال,برجر اسبشيال صغير طبق,1890.0,50392.57,26.66273544973545,0.07606738574619924,-72.52327340600067
852,اسبشيال,برجر اسبشيال عائلى طبق,2232.0,135249.75,60.595766129032256,0.2041589644133453,-84.51363123084369
852,اسبشيال,سجق اسبيشيال صغير طبق,525.0,18312.18,34.88034285714286,0.027642163515649923,-84.29002276643457
852,اسبشيال,كفته اسبيشيال صغير طبق,1215.0,32216.08,26.51529218106996,0.04863004575060202,-67.26545315127017
852,اسبشيال,كفته اسبيشيال عائلى طبق,3420.0,202755.59999999998,59.28526315789473,0.30605877885176475,-74.09584537212315
852,الهنا,بانيه 800 جرام طبق,120.0,6000.0,50.0,0.009056976345465125,
852,الهنا,بانيه 900 جرام طبق,100.0,5500.0,55.0,0.008302228316676364,
853,ابوهاشم,برجر ابو هاشم جامبو 1.5 كيلو طبق,3.0,510.0,170.0,0.0007698429893645357,
853,ابوهاشم,سجق 800 ابو هاشم طبق,2.0,190.0,95.0,0.00028680425093972894,
853,ابوهاشم,كبده اسكندرانى 400 طبق,5.0,340.0,68.0,0.0005132286595763571,
853,ابوهاشم,مفروم صافى 400 جم طبق,5.0,400.0,80.0,0.0006037984230310082,
854,ابوهاشم,سجق شرقى 3 ك ابو هاشم كيس 3 كيلو,20.0,6400.0,320.0,0.009660774768496132,
854,اسبشيال,بانيه 800 جرام اسباشيل كيس,36.0,1800.0,50.0,0.0027170929036395373,
854,الهنا,بانيه 800 جرام طبق,204.0,10200.0,50.0,0.015396859787290712,
854,الهنا,برجر الهنا 400 جرام طبق,15.0,363.38,24.22533333333333,0.0005485206774025195,
854,الهنا,برجر الهنا 900 جرام طبق,36.0,1790.1000000000001,49.725,0.0027021488926695205,
854,الهنا,سجق الهنا 5 كيلو طبق,5.0,1500.0,300.0,0.002264244086366281,
854,الهنا,كفته الهنا 350 طبق,30.0,701.25,23.375,0.0010585341103762364,
854,الهنا,كفته الهنا 800 جرام طبق,144.0,6854.4,47.599999999999994,0.010346689777059359,
855,اسبشيال,بانيه 900 جرام اسباشيل كيس,1.0,57.0,57.0,8.604127528191869e-05,
855,اسبشيال,برجر اسبشيال عائلى طبق,1.0,64.0,64.0,9.660774768496134e-05,
856,اسبشيال,برجر اسبشيال صغير طبق,2.0,56.0,28.0,8.453177922434117e-05,
856,اسبشيال,كفته اسبيشيال صغير طبق,1.0,26.0,26.0,3.9246897497015546e-05,
856,الهنا,كفته الهنا 350 طبق,2.0,52.0,26.0,7.849379499403109e-05,
857,اسبشيال,بانيه 900 جرام اسباشيل كيس,2.0,115.0,57.5,0.0001735920466214149,
858,الهنا,برجر الهنا 900 جرام طبق,24.0,1193.4,49.725,0.0018014325951130135,
858,الهنا,كفته الهنا 800 جرام طبق,24.0,1142.4,47.6,0.0017244482961765598,
859,اسبشيال,برجر اسبشيال صغير طبق,3.0,0.0,0.0,0.0,
859,اسبشيال,برجر اسبشيال عائلى طبق,2.0,0.0,0.0,0.0,
859,اسبشيال,كفته اسبيشيال صغير طبق,3.0,0.0,0.0,0.0,
859,اسبشيال,كفته اسبيشيال عائلى طبق,2.0,0.0,0.0,0.0,
860,الهنا,سجق الهنا 5 كيلو طبق,1.0,300.0,300.0,0.00045284881727325623,
861,اسبشيال,عجينة سجق بقرى 5 ك اسبشيال طبق,4.0,1440.0,360.0,0.0021736743229116297,
862,اسبشيال,بانيه 800 جرام اسباشيل كيس,60.0,3000.0,50.0,0.004528488172732562,
862,اسبشيال,برجر اسبشيال عائلى طبق,60.0,3423.75,57.0625,0.005168137127131037,
863,ابوهاشم,برجر 400 جم ابو هاشم طبق,18.0,810.0,45.0,0.0012226918066377919,
863,ابوهاشم,برجر ابو هاشم 1 ك طبق,5.0,500.0,100.0,0.0007547480287887604,
863,ابوهاشم,سجق 350 جم ابو هاشم طبق,132.0,5940.0,45.0,0.008966406582010474,
863,اسبشيال,استربس اسبشيال 900 جرام,10.0,1650.0,165.0,0.0024906684950029095,
863,اسبشيال,بانيه 900 جرام اسباشيل كيس,10.0,550.0,55.0,0.0008302228316676364,
863,اسبشيال,برجر اسبشيال عائلى طبق,57.0,3213.38,56.37508771929825,0.004850584441498454,
863,الهنا,بانيه 700 جرام طبق,288.0,14706.0,51.0625,0.022198649022735023,
863,الهنا,بانيه 800 جرام طبق,48.0,2640.0,55.0,0.003985069592004655,
863,الهنا,بانيه 900 جرام طبق,20.0,1100.0,55.0,0.0016604456633352728,
863,الهنا,برجر الهنا 400 جرام طبق,45.0,1300.5,28.9,0.001963099622879566,
863,الهنا,برجر الهنا 800 جرام طبق,72.0,3733.2,51.849999999999994,0.005635250682148401,100.0
863,الهنا,برجر الهنا 900 جرام طبق,60.0,3570.0,59.5,0.005388900925551749,300.0
863,الهنا,كفته الهنا 800 جرام طبق,12.0,683.4,56.949999999999996,0.0010315896057484777,
864,ابوهاشم,برجر 400 جم ابو هاشم طبق,20.0,900.0,45.0,0.0013585464518197686,
864,ابوهاشم,برجر ابو هاشم جامبو 1.5 كيلو طبق,2.0,350.0,175.0,0.0005283236201521323,
864,ابوهاشم,سجق 350 جم ابو هاشم طبق,20.0,940.0,47.0,0.0014189262941228695,
864,ابوهاشم,سجق شرقى 3 ك ابو هاشم كيس 3 كيلو,1.0,330.0,330.0,0.0004981336990005819,
864,ابوهاشم,كبده اسكندرانى 400 طبق,1.0,68.0,68.0,0.00010264573191527142,
864,ابوهاشم,كفته 350 جم ابو هاشم طبق,20.0,800.0,40.0,0.0012075968460620165,
864,ابوهاشم,مفروم صافى 400 جم طبق,10.0,800.0,80.0,0.0012075968460620165,
864,ابوهاشم,مفروم صويا 400 جم طبق,28.0,1960.0,70.0,0.002958612272851941,
864,اسبشيال,استربس اسبشيال 900 جرام,50.0,8250.0,165.0,0.012453342475014548,
864,اسبشيال,بانيه 900 جرام اسباشيل كيس,221.0,12645.0,57.217194570135746,0.01908757764806775,
864,اسبشيال,برجر اسبشيال عائلى طبق,24.0,1505.25,62.71875,0.002272168940668563,
864,اسبشيال,كفته اسبيشيال عائلى طبق,12.0,804.0,67.0,0.0012136348302923268,
864,الهنا,استربس الهنا 900 جرام,60.0,9300.0,155.0,0.014038313335470943,
864,الهنا,بانيه 700 جرام طبق,408.0,18672.0,45.76470588235294,0.028185310387087468,
864,الهنا,بانيه 800 جرام طبق,563.0,29722.0,52.792184724689164,0.04486524182331907,316.34241245136184
864,الهنا,بانيه 900 جرام طبق,80.0,4400.0,55.0,0.006641782653341091,
864,الهنا,برجر الهنا 900 جرام طبق,108.0,6804.0,63.0,0.010270611175757451,700.0
864,الهنا,سجق الهنا 5 كيلو طبق,44.0,15050.0,342.04545454545456,0.022717915666541688,53.084112149532714
864,الهنا,كفته الهنا 800 جرام طبق,528.0,28149.569999999992,53.31357954545453,0.04249166493750244,152.83018867924528
865,ابوهاشم,سجق 350 جم ابو هاشم طبق,1.0,0.0,0.0,0.0,
865,ابوهاشم,سجق شرقى 3 ك ابو هاشم كيس 3 كيلو,40.0,12800.0,320.0,0.019321549536992264,
865,اسبشيال,برجر اسبشيال عائلى طبق,12.0,678.96,56.580000000000005,0.0010248874432528337,
865,اسبشيال,كفته اسبيشيال عائلى طبق,12.0,629.76,52.48,0.0009506202372200195,
865,الهنا,بانيه 800 جرام طبق,12.0,600.0,50.0,0.0009056976345465125,
865,الهنا,برجر الهنا 400 جرام طبق,1.0,0.0,0.0,0.0,
865,الهنا,برجر الهنا 800 جرام طبق,12.0,530.4,44.199999999999996,0.000800636708939117,
865,الهنا,سجق الهنا 350 طبق,1.0,0.0,0.0,0.0,
865,الهنا,كفته الهنا 350 طبق,1.0,0.0,0.0,0.0,
865,الهنا,كفته الهنا 800 جرام طبق,12.0,571.2,47.6,0.0008622241480882799,
866,الهنا,بانيه 800 جرام طبق,144.0,7200.0,50.0,0.010868371614558149,
866,الهنا,برجر الهنا 800 جرام طبق,120.0,5280.0,44.0,0.00797013918400931,
866,الهنا,سجق الهنا 350 طبق,75.0,1912.5,25.5,0.0028869112101170087,
866,الهنا,كفته الهنا 350 طبق,15.0,0.0,0.0,0.0,
866,الهنا,كفته الهنا 800 جرام طبق,120.0,5640.0,47.0,0.008513557764737218,
867,ابوهاشم,برجر 400 جم ابو هاشم طبق,1.0,0.0,0.0,0.0,
867,ابوهاشم,سجق 350 جم ابو هاشم طبق,1.0,0.0,0.0,0.0,
867,ابوهاشم,كفته 350 جم ابو هاشم طبق,1.0,0.0,0.0,0.0,
867,اسبشيال,برجر اسبشيال عائلى طبق,12.0,684.75,57.0625,0.0010336274254262074,
867,اسبشيال,كفته اسبيشيال عائلى طبق,12.0,634.95,52.9125,0.0009584545217588469,
867,الهنا,بانيه 700 جرام طبق,144.0,6480.0,45.0,0.009781534453102335,
867,الهنا,بانيه 800 جرام طبق,12.0,600.0,50.0,0.0009056976345465125,
867,الهنا,برجر الهنا 800 جرام طبق,24.0,1058.4,44.1,0.0015976506273400481,
867,الهنا,كفته الهنا 800 جرام طبق,36.0,1706.4,47.400000000000006,0.0025758040726502817,
868,اسبشيال,بانيه 800 جرام اسباشيل كيس,9.0,450.0,50.0,0.0006792732259098843,
868,اسبشيال,بانيه 900 جرام اسباشيل كيس,70.0,4020.0,57.42857142857143,0.006068174151461633,
868,اسبشيال,برجر اسبشيال عائلى طبق,109.0,6448.62,59.161651376146786,0.009734166466815552,0.0
868,اسبشيال,كفته اسبيشيال عائلى طبق,74.0,4227.9,57.13378378378378,0.006381998381832,0.0
868,الهنا,بانيه 700 جرام طبق,63.0,2952.0,46.857142857142854,0.004456032361968842,
868,الهنا,بانيه 800 جرام طبق,36.0,1800.0,50.0,0.0027170929036395373,
868,الهنا,برجر الهنا 400 جرام طبق,45.0,1090.13,24.225111111111115,0.001645546937246983,
868,الهنا,برجر الهنا 800 جرام طبق,252.0,11625.6,46.13333333333333,0.017548797366973228,49.999999999999986
868,الهنا,برجر الهنا 900 جرام طبق,24.0,1428.0,59.5,0.0021555603702207,
868,الهنا,كفته الهنا 800 جرام طبق,156.0,7755.0,49.71153846153846,0.011706141926513675,-50.0
869,ابوهاشم,برجر ابو هاشم 1 ك طبق,12.0,1320.0,110.0,0.0019925347960023277,
869,ابوهاشم,كبده 3 كيلو كيس 3 كيلو,71.0,31950.0,450.0,0.04822839903960179,
869,ابوهاشم,كبده اسكندرانى 400 طبق,20.0,1460.0,73.0,0.0022038642440631805,
869,الهنا,بانيه 900 جرام طبق,1.0,55.0,55.0,8.302228316676364e-05,
869,الهنا,سجق الهنا 5 كيلو طبق,1.0,320.0,320.0,0.0004830387384248067,
869,الهنا,كفته الهنا 800 جرام طبق,420.0,21739.56,51.76085714285715,0.032815780113469965,-30.808950086058523
870,اسبشيال,برجر اسبشيال صغير طبق,30.0,747.0,24.9,0.0011275935550104082,
870,اسبشيال,برجر اسبشيال عائلى طبق,24.0,1369.5,57.0625,0.0020672548508524147,
870,اسبشيال,سجق اسبيشيال عائلى طبق,12.0,728.32,60.693333333333335,0.00109939616865486,
870,اسبشيال,كفته اسبيشيال صغير طبق,30.0,684.75,22.825,0.0010336274254262074,
870,اسبشيال,كفته اسبيشيال عائلى طبق,24.0,1269.9,52.9125,0.0019169090435176938,
870,الهنا,بانيه 800 جرام طبق,120.0,6000.0,50.0,0.009056976345465125,
871,اسبشيال,برجر اسبشيال صغير طبق,2.0,0.0,0.0,0.0,
871,اسبشيال,كفته اسبيشيال صغير طبق,1.0,0.0,0.0,0.0,
871,الهنا,برجر الهنا 400 جرام طبق,1.0,0.0,0.0,0.0,
871,الهنا,سجق الهنا 350 طبق,1.0,0.0,0.0,0.0,
872,اسبشيال,برجر اسبشيال صغير طبق,1.0,0.0,0.0,0.0,
872,الهنا,برجر الهنا 400 جرام طبق,1.0,0.0,0.0,0.0,
873,ابوهاشم,برجر 400 جم ابو هاشم طبق,1.0,0.0,0.0,0.0,
873,ابوهاشم,برجر ابو هاشم 1 ك طبق,2.0,220.0,110.0,0.00033208913266705457,
873,ابوهاشم,سجق 350 جم ابو هاشم طبق,1.0,0.0,0.0,0.0,
873,ابوهاشم,سجق شرقى 3 ك ابو هاشم كيس 3 كيلو,2.0,640.0,320.0,0.0009660774768496134,
873,ابوهاشم,كفته ابو هاشم 800 طبق,3.0,270.0,90.0,0.00040756393554593066,
873,اسبشيال,برجر اسبشيال عائلى طبق,12.0,701.25,58.4375,0.0010585341103762364,
873,اسبشيال,كفته اسبيشيال عائلى طبق,12.0,650.25,54.1875,0.000981549811439783,
873,الهنا,بانيه 700 جرام طبق,72.0,3240.0,45.0,0.0048907672265511674,
873,الهنا,بانيه 800 جرام طبق,24.0,1200.0,50.0,0.001811395269093025,
873,الهنا,برجر الهنا 400 جرام طبق,15.0,363.37,24.224666666666668,0.0005485055824419438,
873,الهنا,برجر الهنا 800 جرام طبق,60.0,2659.8,44.330000000000005,0.00401495761394469,
873,الهنا,كفته الهنا 800 جرام طبق,12.0,564.0,47.0,0.0008513557764737216,
874,اسبشيال,بانيه 800 جرام اسباشيل كيس,24.0,1200.0,50.0,0.001811395269093025,
874,اسبشيال,بانيه 900 جرام اسباشيل كيس,68.0,3810.0,56.029411764705884,0.005751179979370354,
874,اسبشيال,برجر اسبشيال عائلى طبق,132.0,8163.75,61.84659090909091,0.012323148440048485,-33.33333333333333
874,اسبشيال,كفته اسبيشيال عائلى طبق,120.0,6969.150000000001,58.07625,0.01051990444966638,0.0
874,الهنا,استربس الهنا 900 جرام,10.0,1550.0,155.0,0.0023397188892451573,
874,الهنا,بانيه 700 جرام طبق,72.0,3474.0,48.25,0.005243989304024307,
874,الهنا,بانيه 800 جرام طبق,48.0,2520.0,52.5,0.003803930065095353,
874,الهنا,برجر الهنا 800 جرام طبق,120.0,5668.8,47.24,0.00855703125119545,-66.66666666666666
874,الهنا,كفته الهنا 800 جرام طبق,132.0,6724.799999999999,50.94545454545454,0.010151059087997311,0.0
875,اسبشيال,بانيه 800 جرام اسباشيل كيس,120.0,6000.0,50.0,0.009056976345465125,
875,اسبشيال,برجر اسبشيال عائلى طبق,180.0,10410.45,57.83583333333334,0.015714533232607904,
875,اسبشيال,كفته اسبيشيال عائلى طبق,168.0,9141.75,54.41517857142857,0.013799435584359301,
875,الهنا,بانيه 700 جرام طبق,300.0,13608.0,45.36,0.020541222351514902,
875,الهنا,بانيه 800 جرام طبق,24.0,1200.0,50.0,0.001811395269093025,
875,الهنا,بانيه 900 جرام طبق,20.0,1100.0,55.0,0.0016604456633352728,
875,الهنا,برجر الهنا 400 جرام طبق,30.0,726.75,24.225,0.0010970262598444633,
875,الهنا,برجر الهنا 800 جرام طبق,240.0,10822.199999999999,45.092499999999994,0.016336068234315444,
875,الهنا,برجر الهنا 900 جرام طبق,48.0,2364.6000000000004,49.26250000000001,0.003569354377747806,
875,الهنا,كفته الهنا 800 جرام طبق,216.0,10437.600000000002,48.32222222222223,0.015755516050571135,
876,ابوهاشم,سجق شرقى 3 ك ابو هاشم كيس 3 كيلو,3.0,960.0,320.0,0.00144911621527442,
876,ابوهاشم,كبده اسكندرانى 400 طبق,5.0,390.0,78.0,0.0005887034624552332,
876,اسبشيال,استربس اسبشيال 900 جرام,30.0,4900.0,163.33333333333334,0.007396530682129853,
876,اسبشيال,بانيه 800 جرام اسباشيل كيس,21.0,1058.0,50.38095238095238,0.0015970468289170172,
876,اسبشيال,بانيه 900 جرام اسباشيل كيس,116.0,6737.0,58.077586206896555,0.010169474939899758,-84.42906574394463
876,الهنا,استربس الهنا 900 جرام,35.0,5525.0,157.85714285714286,0.008339965718115802,
876,الهنا,بانيه 800 جرام طبق,1120.0,57732.0,51.54642857142857,0.08714622639606542,-56.10298203370995
876,الهنا,بانيه 900 جرام طبق,145.0,8045.0,55.48275862068966,0.012143895783211154,
876,الهنا,برجر الهنا 900 جرام طبق,264.0,14429.220000000001,54.65613636363637,0.021780850703918716,-88.81988744727026
876,الهنا,سجق الهنا 5 كيلو طبق,10.0,3370.0,337.0,0.005087001714036245,
876,الهنا,عجينه سجق 5 كيلو الهنا طبق,3.0,690.0,230.0,0.0010415522797284893,
876,الهنا,كفته الهنا 800 جرام طبق,630.0,32302.140000000007,51.273238095238106,0.04875995298131715,-44.350486327214774
877,ابوهاشم,برجر 400 جم ابو هاشم طبق,1.0,0.0,0.0,0.0,
877,اسبشيال,بانيه 800 جرام اسباشيل كيس,36.0,1800.0,50.0,0.0027170929036395373,
877,اسبشيال,بانيه 900 جرام اسباشيل كيس,150.0,8610.0,57.4,0.012996761055742453,
877,اسبشيال,سجق اسبشيال 5 ك كيس,1.0,410.0,410.0,0.0006188933836067835,
877,الهنا,بانيه 800 جرام طبق,1128.0,59424.0,52.680851063829785,0.0897002937254866,39.01234567901234
877,الهنا,بانيه 900 جرام طبق,70.0,3945.0,56.357142857142854,0.0059549619471433194,
877,الهنا,برجر الهنا 900 جرام طبق,6.0,305.37,50.895,0.00046095481110244754,
877,الهنا,سجق الهنا 5 كيلو طبق,39.0,13280.0,340.5128205128205,0.02004610764462948,85.71428571428571
877,الهنا,كفته الهنا 800 جرام طبق,1872.0,98641.56,52.693141025641026,0.14889904593329645,88.0
878,ابوهاشم,برجر 400 جم ابو هاشم طبق,20.0,900.0,45.0,0.0013585464518197686,
878,ابوهاشم,برجر ابو هاشم 1 ك طبق,12.0,1320.0,110.0,0.0019925347960023277,
878,ابوهاشم,سجق 350 جم ابو هاشم طبق,20.0,900.0,45.0,0.0013585464518197686,
878,اسبشيال,بانيه 800 جرام اسباشيل كيس,84.0,4200.0,50.0,0.0063398834418255876,
878,اسبشيال,برجر اسبشيال صغير طبق,90.0,2214.0,24.6,0.003342024271476631,
878,اسبشيال,برجر اسبشيال عائلى طبق,36.0,2029.5,56.375,0.0030635222488535787,
878,اسبشيال,سجق اسبيشيال صغير طبق,30.0,1082.4,36.080000000000005,0.0016338785327219085,
878,اسبشيال,عجينة سجق بقرى 5 ك اسبشيال طبق,2.0,700.0,350.0,0.0010566472403042645,
878,اسبشيال,كفته اسبيشيال صغير طبق,90.0,2029.5,22.55,0.0030635222488535787,
878,اسبشيال,كفته اسبيشيال عائلى طبق,48.0,2509.2,52.275,0.0037876275076735148,
879,ابوهاشم,سجق شرقى 3 ك ابو هاشم كيس 3 كيلو,20.0,6400.0,320.0,0.009660774768496132,
879,اسبشيال,عجينة سجق بقرى 5 ك اسبشيال طبق,7.0,2450.0,350.0,0.0036982653410649264,
880,ابوهاشم,برجر 400 جم ابو هاشم طبق,72.0,3240.0,45.0,0.0048907672265511674,
880,ابوهاشم,برجر ابو هاشم 1 ك طبق,36.0,3960.0,110.0,0.0059776043880069825,
880,ابوهاشم,سجق 350 جم ابو هاشم طبق,160.0,7200.0,45.0,0.010868371614558149,
880,ابوهاشم,سجق 800 ابو هاشم طبق,44.0,4180.0,95.0,0.006309693520674037,
880,ابوهاشم,سجق شرقى 3 ك ابو هاشم كيس 3 كيلو,4.0,1280.0,320.0,0.0019321549536992267,
880,ابوهاشم,كبده اسكندرانى 400 طبق,20.0,1460.0,73.0,0.0022038642440631805,
880,ابوهاشم,كفته 350 جم ابو هاشم طبق,160.0,6400.0,40.0,0.009660774768496132,
880,ابوهاشم,كفته ابو هاشم 800 طبق,59.0,5310.0,90.0,0.008015424065736635,
880,ابوهاشم,مفروم صافى 400 جم طبق,10.0,800.0,80.0,0.0012075968460620165,
881,ابوهاشم,برجر 400 جم ابو هاشم طبق,1.0,0.0,0.0,0.0,
881,ابوهاشم,سجق 350 جم ابو هاشم طبق,1.0,0.0,0.0,0.0,
881,اسبشيال,برجر اسبشيال صغير طبق,1.0,0.0,0.0,0.0,
881,اسبشيال,سجق اسبيشيال صغير طبق,1.0,0.0,0.0,0.0,
881,اسبشيال,كفته اسبيشيال صغير طبق,1.0,0.0,0.0,0.0,
881,الهنا,برجر الهنا 400 جرام طبق,1.0,0.0,0.0,0.0,
881,الهنا,كفته الهنا 350 طبق,1.0,0.0,0.0,0.0,
882,ابوهاشم,برجر 400 جم ابو هاشم طبق,49.0,2330.0,47.55102040816327,0.0035171258141556234,
882,ابوهاشم,برجر ابو هاشم 1 ك طبق,106.0,12299.5,116.03301886792453,0.018566046760174718,14.829005250461188
882,ابوهاشم,برجر ابو هاشم جامبو 1.5 كيلو طبق,5.0,850.0,170.0,0.0012830716489408926,
882,ابوهاشم,سجق 350 جم ابو هاشم طبق,120.0,5873.0,48.94166666666667,0.00886527034615278,-50.68738792588165
882,ابوهاشم,سجق 800 ابو هاشم طبق,76.0,8005.8,105.33947368421053,0.012084723537754116,-81.02557561068946
882,ابوهاشم,كبده اسكندرانى 400 طبق,289.0,21797.0,75.42214532871972,0.03290248556701722,0.0
882,ابوهاشم,كفته 350 جم ابو هاشم طبق,125.0,5594.5,44.756,0.00844487569411744,-62.812960235640645
882,ابوهاشم,كفته ابو هاشم 800 طبق,145.0,14145.5,97.5551724137931,0.02135257648246282,13.510605594835537
882,ابوهاشم,مفروم صافى 400 جم طبق,164.0,14220.0,86.70731707317073,0.021465033938752348,-16.666666666666664
883,اسبشيال,برجر اسبشيال صغير طبق,1.0,0.0,0.0,0.0,
883,اسبشيال,كفته اسبيشيال صغير طبق,1.0,0.0,0.0,0.0,
883,الهنا,برجر الهنا 400 جرام طبق,1.0,0.0,0.0,0.0,
884,ابوهاشم,برجر ابو هاشم جامبو 1.5 كيلو طبق,27.0,4680.0,173.33333333333334,0.007064441549462797,
884,ابوهاشم,سجق شرقى 3 ك ابو هاشم كيس 3 كيلو,268.0,93240.0,347.910447761194,0.14074541240852806,29.496402877697843
884,اسبشيال,استربس اسبشيال 900 جرام,10.0,1650.0,165.0,0.0024906684950029095,
884,اسبشيال,بانيه 900 جرام اسباشيل كيس,1880.0,109960.0,58.48936170212766,0.16598418649122418,19.193548387096772
884,اسبشيال,برجر اسبشيال عائلى طبق,2100.0,128892.0,61.37714285714286,0.1945619658532818,43.63898223715795
884,اسبشيال,سجق اسبيشيال صغير طبق,240.0,8659.2,36.080000000000005,0.013071028261775268,
884,اسبشيال,عجينة سجق بقرى 5 ك اسبشيال طبق,6.0,2100.0,350.0,0.0031699417209127938,
884,اسبشيال,كفته اسبيشيال صغير طبق,750.0,13572.75,18.097,0.020488012615485295,
884,اسبشيال,كفته اسبيشيال عائلى طبق,6876.0,383265.0,55.739528795811516,0.5785370065074485,20.930232558139537
884,الهنا,بانيه 900 جرام طبق,10.0,550.0,55.0,0.0008302228316676364,
885,الهنا,برجر الهنا 400 جرام طبق,2040.0,49032.20999999999,24.035397058823527,0.07401392768931309,-38.97331578317578
885,الهنا,برجر الهنا 800 جرام طبق,60.0,2652.0,44.2,0.004003183544695585,
885,الهنا,برجر الهنا 900 جرام طبق,1032.0,56033.7,54.29622093023256,0.08458264924148153,6.870229007633588
885,الهنا,كفته الهنا 350 طبق,2025.0,47582.95,23.497753086419753,0.07182627543290829,-20.556045373402164
885,الهنا,كفته الهنا 800 جرام طبق,372.0,19584.0,52.645161290322584,0.02956197079159817,29.982363315696652
886,ابوهاشم,برجر 400 جم ابو هاشم طبق,10.0,450.0,45.0,0.0006792732259098843,
886,ابوهاشم,سجق 350 جم ابو هاشم طبق,10.0,450.0,45.0,0.0006792732259098843,
886,ابوهاشم,كفته 350 جم ابو هاشم طبق,10.0,400.0,40.0,0.0006037984230310082,
886,ابوهاشم,كفته ابو هاشم 800 طبق,5.0,450.0,90.0,0.0006792732259098843,
887,ابوهاشم,برجر 400 جم ابو هاشم طبق,138.0,6388.2,46.291304347826085,0.00964296271501672,
887,ابوهاشم,برجر ابو هاشم 1 ك طبق,243.0,27594.0,113.55555555555556,0.04165303421279411,-40.0
887,ابوهاشم,سجق 350 جم ابو هاشم طبق,345.0,16721.0,48.46666666666667,0.025240283578753724,-21.353670162059103
887,ابوهاشم,سجق 800 ابو هاشم طبق,240.0,25097.6,104.57333333333332,0.037884728254657586,-20.947741364038976
887,ابوهاشم,كبده اسكندرانى 400 طبق,365.0,27595.0,75.6027397260274,0.04165454370885169,-27.27272727272727
887,ابوهاشم,كفته 350 جم ابو هاشم طبق,305.0,13246.0,43.429508196721315,0.01999478477867184,-47.20334553058024
887,ابوهاشم,كفته ابو هاشم 800 طبق,176.0,17070.4,96.9909090909091,0.025767701501271313,-48.01675289480167
887,ابوهاشم,مفروم صافى 400 جم طبق,475.0,41400.0,87.15789473684211,0.06249313678370936,-42.028985507246375
888,ابوهاشم,برجر 400 جم ابو هاشم طبق,1.0,0.0,0.0,0.0,
888,ابوهاشم,سجق 350 جم ابو هاشم طبق,1.0,0.0,0.0,0.0,
888,ابوهاشم,كفته 350 جم ابو هاشم طبق,1.0,0.0,0.0,0.0,
888,الهنا,برجر الهنا 400 جرام طبق,121.0,2838.59,23.459421487603308,0.004284840414078975,
888,الهنا,برجر الهنا 900 جرام طبق,240.0,11653.2,48.555,0.017590459458162365,
888,الهنا,سجق الهنا 350 طبق,106.0,2614.5,24.66509433962264,0.003946577442536428,
888,الهنا,كفته الهنا 350 طبق,136.0,2054.24,15.10470588235294,0.0031008671813180463,
888,الهنا,كفته الهنا 800 جرام طبق,132.0,6135.360000000001,46.480000000000004,0.009261301731818819,
889,ابوهاشم,برجر 400 جم ابو هاشم طبق,1.0,0.0,0.0,0.0,
889,ابوهاشم,سجق 350 جم ابو هاشم طبق,1.0,0.0,0.0,0.0,
890,ابوهاشم,برجر ابو هاشم 1 ك طبق,60.0,6600.0,110.0,0.009962673980011638,
890,ابوهاشم,برجر ابو هاشم جامبو 1.5 كيلو طبق,45.0,7875.0,175.0,0.011887281453422976,
890,ابوهاشم,سجق 800 ابو هاشم طبق,134.0,12780.0,95.3731343283582,0.019291359615840716,
890,ابوهاشم,سجق شرقى 3 ك ابو هاشم كيس 3 كيلو,843.0,301825.0,358.0367734282325,0.4556036475783352,21.673003802281368
890,ابوهاشم,كبده اسكندرانى 400 طبق,660.0,49980.0,75.72727272727273,0.07544461295772449,-87.5
890,ابوهاشم,كفته ابو هاشم 800 طبق,80.0,7200.0,90.0,0.010868371614558149,
890,ابوهاشم,مفروم صافى 400 جم طبق,200.0,16000.0,80.0,0.024151936921240333,
890,اسبشيال,بانيه 900 جرام اسباشيل كيس,100.0,5700.0,57.0,0.008604127528191868,
890,اسبشيال,برجر اسبشيال صغير طبق,150.0,3690.0,24.6,0.005570040452461051,
890,اسبشيال,برجر اسبشيال عائلى طبق,60.0,3382.5,56.375,0.005105870414755964,
890,اسبشيال,سجق اسبيشيال صغير طبق,150.0,5412.0,36.08,0.008169392663609543,
890,اسبشيال,كفته اسبيشيال صغير طبق,150.0,3382.5,22.55,0.005105870414755964,
890,اسبشيال,كفته اسبيشيال عائلى طبق,60.0,3136.5,52.275,0.004734534384591894,
891,الهنا,برجر الهنا 400 جرام طبق,15.0,384.75,25.65,0.0005807786081529511,
891,الهنا,سجق الهنا 350 طبق,15.0,405.0,27.0,0.0006113459033188959,
891,الهنا,سجق الهنا 800 جرام طبق,12.0,658.8,54.9,0.0009944560027320705,
891,الهنا,كفته الهنا 350 طبق,15.0,371.25,24.75,0.0005604004113756546,
892,ابوهاشم,برجر ابو هاشم 1 ك طبق,1.0,110.0,110.0,0.00016604456633352729,
892,ابوهاشم,برجر ابو هاشم جامبو 1.5 كيلو طبق,1.0,170.0,170.0,0.00025661432978817854,
892,ابوهاشم,سجق 350 جم ابو هاشم طبق,20.0,900.0,45.0,0.0013585464518197686,
892,ابوهاشم,سجق 800 ابو هاشم طبق,5.0,475.0,95.0,0.0007170106273493225,
892,ابوهاشم,كفته 350 جم ابو هاشم طبق,20.0,800.0,40.0,0.0012075968460620165,
892,ابوهاشم,كفته ابو هاشم 800 طبق,5.0,450.0,90.0,0.0006792732259098843,
892,الهنا,برجر الهنا 900 جرام طبق,1.0,0.0,0.0,0.0,
893,ابوهاشم,سجق 350 جم ابو هاشم طبق,1.0,0.0,0.0,0.0,
893,ابوهاشم,كفته 350 جم ابو هاشم طبق,1.0,0.0,0.0,0.0,
894,ابوهاشم,سجق 800 ابو هاشم طبق,2.0,190.0,95.0,0.00028680425093972894,
894,اسبشيال,برجر اسبشيال عائلى طبق,2.0,112.0,56.0,0.00016906355844868235,
894,اسبشيال,كفته اسبيشيال عائلى طبق,2.0,104.0,52.0,0.00015698758998806218,
894,الهنا,برجر الهنا 400 جرام طبق,15.0,363.37,24.224666666666668,0.0005485055824419438,
894,الهنا,سجق الهنا 350 طبق,15.0,382.5,25.5,0.0005773822420234017,
894,الهنا,كفته الهنا 350 طبق,15.0,350.62,23.374666666666666,0.0005292595077078303,
895,ابوهاشم,سجق 350 جم ابو هاشم طبق,5.0,225.0,45.0,0.00033963661295494216,
895,ابوهاشم,كفته 350 جم ابو هاشم طبق,5.0,200.0,40.0,0.0003018992115155041,
895,اسبشيال,استربس اسبشيال 900 جرام,20.0,3200.0,160.0,0.004830387384248066,
895,اسبشيال,بانيه 800 جرام اسباشيل كيس,60.0,3000.0,50.0,0.004528488172732562,
895,اسبشيال,برجر اسبشيال عائلى طبق,24.0,1369.5,57.0625,0.0020672548508524147,
895,اسبشيال,كفته اسبيشيال عائلى طبق,24.0,1269.9,52.9125,0.0019169090435176938,
895,الهنا,بانيه 800 جرام طبق,492.0,25092.0,51.0,0.037876275076735154,-31.464174454828658
895,الهنا,برجر الهنا 900 جرام طبق,480.0,24295.98,50.616625,0.03667468602498229,33.33333333333333
895,الهنا,سجق الهنا 350 طبق,30.0,756.0,25.2,0.0011411790195286057,
895,الهنا,سجق الهنا 800 جرام طبق,36.0,1822.6799999999998,50.629999999999995,0.0027513282742253954,
895,الهنا,كفته الهنا 350 طبق,30.0,0.0,0.0,0.0,
895,الهنا,كفته الهنا 800 جرام طبق,528.0,25501.559999999998,48.29840909090909,0.0384945042820766,-26.58480776048212
896,ابوهاشم,سجق شرقى 3 ك ابو هاشم كيس 3 كيلو,5.0,1600.0,320.0,0.002415193692124033,
896,اسبشيال,برجر اسبشيال صغير طبق,255.0,6349.5,24.9,0.009584545217588468,
896,اسبشيال,برجر اسبشيال عائلى طبق,420.0,23966.25,57.0625,0.03617695988991726,
896,اسبشيال,سجق اسبشيال 5 ك كيس,27.0,11070.0,410.0,0.016710121357383156,
896,اسبشيال,سجق اسبيشيال عائلى طبق,60.0,3641.87,60.69783333333333,0.0054973884072098455,
896,اسبشيال,كفته اسبيشيال صغير طبق,300.0,7221.0,24.07,0.010900071031767279,
896,اسبشيال,كفته اسبيشيال عائلى طبق,156.0,8254.35,52.9125,0.01245990878286501,
897,ابوهاشم,سجق 350 جم ابو هاشم طبق,1.0,0.0,0.0,0.0,
897,اسبشيال,بانيه 800 جرام اسباشيل كيس,120.0,6000.0,50.0,0.009056976345465125,
897,الهنا,بانيه 700 جرام طبق,180.0,7992.0,44.4,0.012063892492159547,
897,الهنا,بانيه 800 جرام طبق,22.0,1100.0,50.0,0.0016604456633352728,
897,الهنا,برجر الهنا 800 جرام طبق,264.0,11668.800000000001,44.2,0.017614007596660576,
897,الهنا,كفته الهنا 800 جرام طبق,264.0,12566.400000000001,47.60000000000001,0.01896893125794216,
898,اسبشيال,بانيه 900 جرام اسباشيل كيس,300.0,18000.0,60.0,0.027170929036395376,
898,الهنا,بانيه 800 جرام طبق,540.0,28650.0,53.05555555555556,0.04324706204959597,-74.35897435897436
898,الهنا,بانيه 900 جرام طبق,100.0,5700.0,57.0,0.008604127528191868,
898,الهنا,برجر الهنا 400 جرام طبق,600.0,16480.190000000002,27.46698333333334,0.024876781833128483,-28.076923076923077
898,الهنا,برجر الهنا 900 جرام طبق,768.0,42676.8,55.56875,0.06442046135002434,69.90291262135922
898,الهنا,كفته الهنا 350 طبق,420.0,10971.369999999999,26.12230952380952,0.016561239761224283,67.68558951965066
898,الهنا,كفته الهنا 800 جرام طبق,324.0,17023.8,52.54259259259259,0.025697358984988195,-26.718749999999996
899,ابوهاشم,سجق شرقى 3 ك ابو هاشم كيس 3 كيلو,88.0,32780.0,372.5,0.04948128076739113,
899,اسبشيال,برجر اسبشيال صغير طبق,15.0,369.0,24.6,0.0005570040452461052,
899,اسبشيال,برجر اسبشيال عائلى طبق,168.0,10866.0,64.67857142857143,0.016402184161637343,
899,اسبشيال,كفته اسبيشيال صغير طبق,15.0,338.25,22.55,0.0005105870414755965,
899,الهنا,بانيه 800 جرام طبق,60.0,3000.0,50.0,0.004528488172732562,
899,الهنا,برجر الهنا 800 جرام طبق,36.0,1591.2,44.2,0.002401910126817351,
899,الهنا,كفته الهنا 800 جرام طبق,48.0,2284.8,47.6,0.0034488965923531196,
900,ابوهاشم,كبده اسكندرانى 400 طبق,840.0,54600.0,65.0,0.08241848474373265,
900,ابوهاشم,مفروم صافى 400 جم طبق,168.0,13440.0,80.0,0.020287627013841878,
900,اسبشيال,بانيه 800 جرام اسباشيل كيس,600.0,31200.0,52.0,0.04709627699641865,
900,اسبشيال,برجر اسبشيال صغير طبق,75.0,1867.5,24.9,0.0028189838875260203,
900,اسبشيال,سجق اسبشيال 5 ك كيس,12.0,4920.0,410.0,0.007426720603281402,
900,اسبشيال,سجق اسبيشيال صغير طبق,150.0,5463.0599999999995,36.420399999999994,0.00824646753230945,
900,اسبشيال,سجق اسبيشيال عائلى طبق,48.0,2913.1,60.68958333333333,0.004397312965329076,
900,اسبشيال,كفته اسبيشيال صغير طبق,150.0,3423.74,22.82493333333333,0.0051681220321704606,
900,اسبشيال,كفته اسبيشيال عائلى طبق,132.0,6984.45,52.9125,0.010542999739347315,
901,اسبشيال,برجر اسبشيال صغير طبق,1.0,0.0,0.0,0.0,
901,اسبشيال,سجق اسبيشيال صغير طبق,1.0,0.0,0.0,0.0,
901,اسبشيال,كفته اسبيشيال صغير طبق,1.0,0.0,0.0,0.0,
901,الهنا,برجر الهنا 400 جرام طبق,1.0,0.0,0.0,0.0,
901,الهنا,سجق الهنا 350 طبق,1.0,0.0,0.0,0.0,
901,الهنا,كفته الهنا 350 طبق,1.0,0.0,0.0,0.0,
902,الهنا,سجق الهنا 800 جرام طبق,396.0,20532.6,51.849999999999994,0.030993878751816202,
903,ابوهاشم,سجق 350 جم ابو هاشم طبق,6.0,274.5,45.75,0.00041435666780502943,
903,ابوهاشم,سجق شرقى 3 ك ابو هاشم كيس 3 كيلو,11.0,3905.0,355.0,0.005894582104840219,-47.429906542056074
903,ابوهاشم,كبده اسكندرانى 400 طبق,20.0,1460.0,73.0,0.0022038642440631805,
903,ابوهاشم,كفته 350 جم ابو هاشم طبق,10.0,400.0,40.0,0.0006037984230310082,
903,اسبشيال,برجر اسبشيال عائلى طبق,12.0,816.0,68.0,0.001231748782983257,
904,اسبشيال,سجق اسبيشيال عائلى طبق,2.0,0.0,0.0,0.0,
906,اسبشيال,برجر اسبشيال صغير طبق,150.0,3825.0,25.5,0.005773822420234017,
906,اسبشيال,كفته اسبيشيال صغير طبق,150.0,3506.25,23.375,0.005292670551881182,
907,ابوهاشم,برجر ابو هاشم جامبو 1.5 كيلو طبق,27.0,4725.0,175.0,0.007132368872053786,
908,ابوهاشم,سجق شرقى 3 ك ابو هاشم كيس 3 كيلو,20.0,7180.0,359.0,0.0108381816934066,
908,ابوهاشم,مفروم صافى 400 جم طبق,40.0,3200.0,80.0,0.004830387384248066,
908,اسبشيال,استربس اسبشيال 900 جرام,20.0,3300.0,165.0,0.004981336990005819,
908,اسبشيال,بانيه 900 جرام اسباشيل كيس,250.0,14500.0,58.0,0.021887692834874052,
908,اسبشيال,برجر اسبشيال صغير طبق,30.0,918.0,30.6,0.001385717380856164,
908,اسبشيال,برجر اسبشيال عائلى طبق,216.0,12966.75,60.03125,0.01957325800459332,
908,اسبشيال,كفته اسبيشيال صغير طبق,225.0,5737.5,25.5,0.008660733630351025,
908,اسبشيال,كفته اسبيشيال عائلى طبق,360.0,21687.75,60.24375,0.032737573122726876,
909,اسبشيال,برجر اسبشيال صغير طبق,15.0,382.5,25.5,0.0005773822420234017,
909,اسبشيال,برجر اسبشيال عائلى طبق,12.0,701.28,58.44,0.0010585793952579638,
909,اسبشيال,سجق اسبيشيال صغير طبق,15.0,561.0,37.4,0.0008468272883009893,
909,اسبشيال,كفته اسبيشيال صغير طبق,15.0,350.55,23.37,0.0005291538429837999,
909,اسبشيال,كفته اسبيشيال عائلى طبق,12.0,650.28,54.19,0.0009815950963215103,
911,اسبشيال,برجر اسبشيال صغير طبق,1.0,0.0,0.0,0.0,
911,اسبشيال,سجق اسبيشيال صغير طبق,1.0,0.0,0.0,0.0,
911,اسبشيال,كفته اسبيشيال صغير طبق,1.0,0.0,0.0,0.0,
912,اسبشيال,برجر اسبشيال صغير طبق,1.0,0.0,0.0,0.0,
912,اسبشيال,برجر اسبشيال عائلى طبق,12.0,596.09,49.67416666666667,0.0008997955049613844,
912,اسبشيال,سجق اسبيشيال صغير طبق,1.0,0.0,0.0,0.0,
912,اسبشيال,كفته اسبيشيال صغير طبق,1.0,0.0,0.0,0.0,
912,اسبشيال,كفته اسبيشيال عائلى طبق,12.0,552.43,46.03583333333333,0.0008338909070875497,
913,اسبشيال,برجر اسبشيال عائلى طبق,2.0,0.0,0.0,0.0,
913,اسبشيال,كفته اسبيشيال عائلى طبق,2.0,0.0,0.0,0.0,
914,اسبشيال,بانيه 900 جرام اسباشيل كيس,1.0,0.0,0.0,0.0,
914,اسبشيال,برجر اسبشيال صغير طبق,166.0,4150.12,25.000722891566266,0.006264589778473621,
914,اسبشيال,برجر اسبشيال عائلى طبق,132.0,7608.89,57.643106060606065,0.011485589457541023,
914,اسبشيال,سجق اسبيشيال صغير طبق,1.0,0.0,0.0,0.0,
914,اسبشيال,كفته اسبيشيال صغير طبق,91.0,2051.59,22.544945054945057,0.003096867016765466,
914,اسبشيال,كفته اسبيشيال عائلى طبق,252.0,13553.33,53.783055555555556,0.02045869820204714,
915,اسبشيال,برجر اسبشيال عائلى طبق,312.0,18921.6,60.646153846153844,0.028562080603058815,-65.09240246406571
916,اسبشيال,كفته اسبيشيال صغير طبق,22.0,550.62,25.028181818181817,0.0008311587192233346,
917,ابوهاشم,سجق شرقى 3 ك ابو هاشم كيس 3 كيلو,2.0,750.0,375.0,0.0011321220431831406,
917,اسبشيال,بانيه 900 جرام اسباشيل كيس,10.0,467.5,46.75,0.0007056894069174909,
917,اسبشيال,برجر اسبشيال صغير طبق,15.0,459.0,30.6,0.000692858690428082,
917,اسبشيال,برجر اسبشيال عائلى طبق,12.0,596.09,49.67416666666667,0.0008997955049613844,
917,اسبشيال,كفته اسبيشيال صغير طبق,15.0,446.25,29.75,0.0006736126156939687,
917,اسبشيال,كفته اسبيشيال عائلى طبق,12.0,552.53,46.04416666666666,0.0008340418566933075,
918,ابوهاشم,سجق شرقى 3 ك ابو هاشم كيس 3 كيلو,1.0,380.0,380.0,0.0005736085018794579,
918,اسبشيال,استربس اسبشيال 900 جرام,200.0,33000.0,165.0,0.04981336990005819,
918,اسبشيال,بانيه 800 جرام اسباشيل كيس,600.0,31740.0,52.9,0.04791140486751051,
918,اسبشيال,بانيه 900 جرام اسباشيل كيس,700.0,42600.0,60.857142857142854,0.06430453205280239,29.03225806451613
918,اسبشيال,برجر اسبشيال صغير طبق,1560.0,43098.0,27.626923076923077,0.065056261089476,18.893798567728172
918,اسبشيال,برجر اسبشيال عائلى طبق,1440.0,87019.2,60.43,0.13135513933354978,-46.870512712222315
918,اسبشيال,سجق اسبيشيال صغير طبق,1365.0,44220.369999999995,32.395875457875455,0.06675047417961927,-14.458325221372606
918,اسبشيال,سجق اسبيشيال عائلى طبق,996.0,67170.12,67.43987951807229,0.10139303132700897,-15.08732751700467
918,اسبشيال,كفته اسبيشيال صغير طبق,1725.0,47222.25,27.375217391304346,0.07128180020494009,-26.01138498949928
918,اسبشيال,كفته اسبيشيال عائلى طبق,1104.0,64656.54,58.56570652173913,0.09759879222660327,-71.54943982148669
918,الهنا,بانيه 800 جرام طبق,1500.0,81390.0,54.26,0.12285788412623443,-73.401773215119
918,الهنا,سجق الهنا 5 كيلو طبق,1.0,375.0,375.0,0.0005660610215915703,
919,اسبشيال,برجر اسبشيال صغير طبق,465.0,13833.75,29.75,0.02088199108651303,-0.9174311926605505
919,اسبشيال,كفته اسبيشيال صغير طبق,795.0,22440.0,28.22641509433962,0.033873091532039566,128.97196261682242
920,اسبشيال,بانيه 800 جرام اسباشيل كيس,216.0,11232.0,52.0,0.016954659718710713,
920,اسبشيال,برجر اسبشيال عائلى طبق,120.0,7012.5,58.4375,0.010585341103762365,
920,اسبشيال,سجق اسبيشيال صغير طبق,270.0,10098.0,37.4,0.015242891189417806,
920,اسبشيال,كفته اسبيشيال صغير طبق,150.0,3633.75,24.225,0.005485131299222316,
920,اسبشيال,كفته اسبيشيال عائلى طبق,360.0,19507.5,54.1875,0.029446494343193488,
921,الهنا,برجر الهنا 400 جرام طبق,30.0,879.75,29.325,0.001327979156653824,-2.857142857142857
921,الهنا,برجر الهنا 900 جرام طبق,24.0,1407.6,58.65,0.0021247666506461183,2.941176470588232
921,الهنا,سجق الهنا 350 طبق,45.0,1453.5,32.3,0.0021940525196889266,-53.84615384615385
921,الهنا,سجق الهنا 5 كيلو طبق,5.0,1700.0,340.0,0.002566143297881785,
921,الهنا,كفته الهنا 350 طبق,150.0,4131.0,27.54,0.006235728213852739,-57.89473684210527
921,الهنا,كفته الهنا 800 جرام طبق,60.0,3355.7999999999997,55.92999999999999,0.005065566870018644,-74.42748091603053
922,ابوهاشم,برجر ابو هاشم 1 ك طبق,36.0,4752.0,132.0,0.00717312526560838,
922,ابوهاشم,برجر ابو هاشم جامبو 1.5 كيلو طبق,27.0,5400.0,200.0,0.008151278710918612,
922,ابوهاشم,سجق 800 ابو هاشم طبق,80.0,10560.0,132.0,0.01594027836801862,
922,ابوهاشم,سجق شرقى 3 ك ابو هاشم كيس 3 كيلو,20.0,7500.0,375.0,0.011321220431831406,
922,ابوهاشم,كبده اسكندرانى 400 طبق,200.0,15600.0,78.0,0.023548138498209324,
922,ابوهاشم,كفته 350 جم ابو هاشم طبق,60.0,3360.0,56.0,0.0050719067534604695,
922,ابوهاشم,كفته ابو هاشم 800 طبق,32.0,3744.0,117.0,0.005651553239570238,
922,ابوهاشم,مفروم صافى 400 جم طبق,200.0,20000.0,100.0,0.030189921151550416,
922,اسبشيال,بانيه 800 جرام اسباشيل كيس,480.0,25680.0,53.5,0.03876385875859073,
922,اسبشيال,بانيه 900 جرام اسباشيل كيس,720.0,42120.0,58.5,0.06357997394516518,
922,اسبشيال,برجر اسبشيال صغير طبق,1020.0,28458.0,27.9,0.042957238806541086,-70.83333333333334
922,اسبشيال,برجر اسبشيال عائلى طبق,1224.0,75072.0,61.333333333333336,0.11332088803445964,-58.46153846153847
922,اسبشيال,سجق اسبشيال 5 ك كيس,20.0,8000.0,400.0,0.012075968460620166,
922,اسبشيال,سجق اسبيشيال صغير طبق,915.0,30332.25,33.15,0.04578641179245575,-30.555555555555557
922,اسبشيال,سجق اسبيشيال عائلى طبق,540.0,38556.0,71.4,0.058200129995958895,-81.57894736842107
922,اسبشيال,كفته اسبيشيال صغير طبق,3075.0,80771.25,26.267073170731706,0.12192388344060834,-22.54901960784314
922,اسبشيال,كفته اسبيشيال عائلى طبق,600.0,39780.0,66.3,0.060047753170433774,
922,الهنا,استربس الهنا 800 جرام,420.0,63000.0,150.0,0.0950982516273838,
923,اسبشيال,بانيه 900 جرام اسباشيل كيس,100.0,6125.0,61.25,0.009245663352662315,46.478873239436616
923,اسبشيال,برجر اسبشيال عائلى طبق,204.0,14224.2,69.7264705882353,0.021471373822194172,6.741083108049187
924,ابوهاشم,برجر ابو هاشم جامبو 1.5 كيلو طبق,88.0,15480.0,175.9090909090909,0.02336699897130002,414.28571428571433
924,ابوهاشم,كبده اسكندرانى 400 طبق,10.0,780.0,78.0,0.0011774069249104663,
924,ابوهاشم,مفروم صافى 400 جم طبق,20.0,2000.0,100.0,0.0030189921151550416,
924,اسبشيال,استربس اسبشيال 900 جرام,210.0,33000.0,157.14285714285714,0.04981336990005819,
924,اسبشيال,بانيه 900 جرام اسباشيل كيس,931.0,55108.0,59.192266380236305,0.08318530874098201,-21.12438327707089
924,اسبشيال,برجر اسبشيال صغير طبق,421.0,12654.9,30.05914489311164,0.01910252165903777,-22.931620702682277
924,اسبشيال,برجر اسبشيال عائلى طبق,120.0,8160.0,68.0,0.012317487829832571,
924,اسبشيال,سجق اسبيشيال صغير طبق,375.0,12336.45,32.897200000000005,0.018621822639502208,227.05888461937897
924,اسبشيال,كفته اسبيشيال صغير طبق,1921.0,53760.9,27.98589276418532,0.08115186660181933,17.17495500845295
924,اسبشيال,كفته اسبيشيال عائلى طبق,1500.0,96797.04,64.53135999999999,0.14611475026517357,35.48703516649053
925,اسبشيال,استربس اسبشيال 900 جرام,10.0,1650.0,165.0,0.0024906684950029095,
925,اسبشيال,بانيه 900 جرام اسباشيل كيس,10.0,640.0,64.0,0.0009660774768496134,
925,اسبشيال,برجر اسبشيال صغير طبق,75.0,2295.0,30.6,0.00346429345214041,-33.33333333333333
925,اسبشيال,برجر اسبشيال عائلى طبق,60.0,4080.0,68.0,0.0061587439149162855,-33.33333333333333
925,اسبشيال,سجق اسبيشيال صغير طبق,15.0,497.25,33.15,0.0007505969146304223,
925,اسبشيال,كفته اسبيشيال صغير طبق,210.0,6247.5,29.75,0.009430576619715561,80.0
925,اسبشيال,كفته اسبيشيال عائلى طبق,108.0,7160.4,66.3,0.01080859557067808,-20.0
925,الهنا,استربس الهنا 800 جرام,12.0,1800.0,150.0,0.0027170929036395373,
925,الهنا,استربس الهنا 900 جرام,20.0,3100.0,155.0,0.004679437778490315,
925,الهنا,بانيه 800 جرام طبق,12.0,684.0,57.0,0.0010324953033830242,
926,اسبشيال,برجر اسبشيال صغير طبق,315.0,8686.5,27.576190476190476,0.013112237504147136,1846.2897526501768
926,اسبشيال,سجق اسبيشيال صغير طبق,15.0,497.25,33.15,0.0007505969146304223,
926,اسبشيال,كفته اسبيشيال صغير طبق,555.0,14693.25,26.474324324324325,0.022179402948000908,3355.535390199637
926,اسبشيال,كفته اسبيشيال عائلى طبق,672.0,39780.0,59.19642857142857,0.060047753170433774,
927,اسبشيال,برجر اسبشيال صغير طبق,15.0,424.5,28.3,0.0006407810764416577,
927,اسبشيال,برجر اسبشيال عائلى طبق,12.0,756.0,63.0,0.0011411790195286057,
927,اسبشيال,سجق اسبيشيال صغير طبق,15.0,497.25,33.15,0.0007505969146304223,
927,اسبشيال,كفته اسبيشيال صغير طبق,15.0,413.25,27.55,0.0006237992457939105,
928,اسبشيال,بانيه 900 جرام اسباشيل كيس,20.0,1240.0,62.0,0.0018717751113961258,
928,اسبشيال,برجر اسبشيال صغير طبق,15.0,459.0,30.6,0.000692858690428082,
928,اسبشيال,برجر اسبشيال عائلى طبق,24.0,1632.0,68.0,0.002463497565966514,0.0
929,ابوهاشم,سجق شرقى 3 ك ابو هاشم كيس 3 كيلو,4.0,1500.0,375.0,0.002264244086366281,
930,ابوهاشم,سجق شرقى 3 ك ابو هاشم كيس 3 كيلو,4.0,1500.0,375.0,0.002264244086366281,
930,اسبشيال,بانيه 900 جرام اسباشيل كيس,10.0,585.0,58.5,0.0008830551936828496,
931,ابوهاشم,برجر ابو هاشم جامبو 1.5 كيلو طبق,16.0,2880.0,180.0,0.0043473486458232595,
931,اسبشيال,برجر اسبشيال صغير طبق,150.0,4590.0,30.6,0.00692858690428082,133.33333333333331
931,اسبشيال,برجر اسبشيال عائلى طبق,792.0,50592.0,63.878787878787875,0.07636842454496193,575.0
931,اسبشيال,كفته اسبيشيال صغير طبق,90.0,2677.5,29.75,0.004041675694163812,0.0
932,ابوهاشم,سجق شرقى 3 ك ابو هاشم كيس 3 كيلو,20.0,7500.0,375.0,0.011321220431831406,
932,اسبشيال,برجر اسبشيال عائلى طبق,36.0,2267.14,62.97611111111111,0.0034222388919763003,
932,اسبشيال,كفته اسبيشيال صغير طبق,15.0,413.17,27.544666666666668,0.0006236784861093043,
932,اسبشيال,كفته اسبيشيال عائلى طبق,12.0,736.63,61.38583333333333,0.001111940080893329,
932,الهنا,برجر الهنا 400 جرام طبق,105.0,2810.3,26.764761904761908,0.004242136770610107,
932,الهنا,برجر الهنا 900 جرام طبق,36.0,1983.74,55.10388888888889,0.0029944477092588313,
932,الهنا,سجق الهنا 350 طبق,30.0,850.18,28.339333333333332,0.0012833433582312567,
932,الهنا,كفته الهنا 350 طبق,150.0,3778.56,25.1904,0.005703721423320117,
932,الهنا,كفته الهنا 800 جرام طبق,36.0,1898.73,52.7425,0.002866125449404166,
933,الهنا,بانيه 800 جرام طبق,60.0,2952.8999999999996,49.214999999999996,0.004457390908420661,
933,الهنا,برجر الهنا 900 جرام طبق,60.0,3570.0,59.5,0.005388900925551749,
933,الهنا,سجق الهنا 800 جرام طبق,120.0,7170.0,59.75,0.010823086732830825,
933,الهنا,كفته الهنا 800 جرام طبق,60.0,3417.0,56.95,0.0051579480287423886,
934,ابوهاشم,سجق شرقى 3 ك ابو هاشم كيس 3 كيلو,1.0,375.0,375.0,0.0005660610215915703,
934,اسبشيال,برجر اسبشيال عائلى طبق,24.0,1632.0,68.0,0.002463497565966514,
935,ابوهاشم,برجر 1200 جم طبق,1.0,0.0,0.0,0.0,
935,ابوهاشم,برجر ابو هاشم جامبو 1.5 كيلو طبق,1.0,0.0,0.0,0.0,
935,ابوهاشم,سجق 800 ابو هاشم طبق,1.0,0.0,0.0,0.0,
935,ابوهاشم,كفته 350 جم ابو هاشم طبق,1.0,0.0,0.0,0.0,
936,ابوهاشم,سجق شرقى 3 ك ابو هاشم كيس 3 كيلو,5.0,1875.0,375.0,0.0028303051079578514,
937,ابوهاشم,سجق شرقى 3 ك ابو هاشم كيس 3 كيلو,1.0,375.0,375.0,0.0005660610215915703,
937,اسبشيال,بانيه 900 جرام اسباشيل كيس,10.0,585.0,58.5,0.0008830551936828496,
937,اسبشيال,برجر اسبشيال عائلى طبق,24.0,1632.0,68.0,0.002463497565966514,
937,اسبشيال,كفته اسبيشيال عائلى طبق,12.0,795.6,66.3,0.0012009550634086755,
938,اسبشيال,برجر اسبشيال صغير طبق,15.0,471.75,31.45,0.0007121047651621954,
938,اسبشيال,برجر اسبشيال عائلى طبق,12.0,816.0,68.0,0.001231748782983257,
938,اسبشيال,سجق اسبيشيال صغير طبق,15.0,471.75,31.45,0.0007121047651621954,
939,اسبشيال,برجر اسبشيال صغير طبق,405.0,11475.0,28.333333333333332,0.01732146726070205,
939,اسبشيال,سجق اسبيشيال صغير طبق,405.0,12431.25,30.694444444444443,0.018764922865760557,
939,اسبشيال,كفته اسبيشيال صغير طبق,810.0,22312.5,27.546296296296298,0.033680630784698434,
940,اسبشيال,برجر اسبشيال صغير طبق,150.0,4419.9,29.465999999999998,0.006671821624886883,8.005082592121978
940,اسبشيال,برجر اسبشيال عائلى طبق,120.0,7857.6,65.48,0.011861016222021127,8.005082592121985
941,اسبشيال,برجر اسبشيال صغير طبق,15.0,425.2,28.346666666666668,0.0006418377236819618,
941,اسبشيال,برجر اسبشيال عائلى طبق,12.0,755.9,62.99166666666667,0.001141028069922848,
942,اسبشيال,برجر اسبشيال صغير طبق,15.0,459.0,30.6,0.000692858690428082,
942,اسبشيال,برجر اسبشيال عائلى طبق,12.0,816.0,68.0,0.001231748782983257,
943,اسبشيال,بانيه 900 جرام اسباشيل كيس,20.0,1170.0,58.5,0.0017661103873656992,
943,اسبشيال,برجر اسبشيال صغير طبق,15.0,425.2,28.346666666666668,0.0006418377236819618,
943,اسبشيال,برجر اسبشيال عائلى طبق,12.0,755.9,62.99166666666667,0.001141028069922848,
943,اسبشيال,كفته اسبيشيال صغير طبق,15.0,413.38,27.558666666666667,0.0006239954802813955,
943,اسبشيال,كفته اسبيشيال عائلى طبق,12.0,737.01,61.4175,0.0011125136893952085,
944,اسبشيال,بانيه 900 جرام اسباشيل كيس,50.0,3090.0,61.8,0.004664342817914539,
944,اسبشيال,برجر اسبشيال صغير طبق,105.0,3179.2,30.278095238095236,0.004798989866250453,
944,اسبشيال,برجر اسبشيال عائلى طبق,96.0,6467.9,67.37395833333333,0.009763269550805646,
944,اسبشيال,كفته اسبيشيال صغير طبق,30.0,892.5,29.75,0.0013472252313879373,
944,اسبشيال,كفته اسبيشيال عائلى طبق,24.0,1591.2,66.3,0.002401910126817351,
945,اسبشيال,برجر اسبشيال عائلى طبق,24.0,1632.0,68.0,0.002463497565966514,
946,الهنا,سجق الهنا 5 كيلو طبق,12.0,4440.0,370.0,0.006702162495644193,
947,اسبشيال,برجر اسبشيال صغير طبق,30.0,918.0,30.6,0.001385717380856164,
947,اسبشيال,برجر اسبشيال عائلى طبق,24.0,1632.0,68.0,0.002463497565966514,
947,اسبشيال,سجق اسبيشيال صغير طبق,30.0,994.5,33.15,0.0015011938292608445,
947,اسبشيال,كفته اسبيشيال صغير طبق,30.0,892.5,29.75,0.0013472252313879373,
947,اسبشيال,كفته اسبيشيال عائلى طبق,24.0,1591.2,66.3,0.002401910126817351,
948,اسبشيال,بانيه 900 جرام اسباشيل كيس,1.0,0.0,0.0,0.0,
948,اسبشيال,برجر اسبشيال عائلى طبق,1.0,0.0,0.0,0.0,
948,اسبشيال,كفته اسبيشيال عائلى طبق,1.0,0.0,0.0,0.0,
949,اسبشيال,بانيه 900 جرام اسباشيل كيس,1.0,0.0,0.0,0.0,
950,ابوهاشم,برجر ابو هاشم جامبو 1.5 كيلو طبق,1.0,0.0,0.0,0.0,
950,اسبشيال,برجر اسبشيال عائلى طبق,1.0,0.0,0.0,0.0,
950,اسبشيال,سجق اسبيشيال صغير طبق,1.0,0.0,0.0,0.0,
950,اسبشيال,كفته اسبيشيال صغير طبق,1.0,0.0,0.0,0.0,
951,اسبشيال,برجر اسبشيال صغير طبق,1.0,0.0,0.0,0.0,
951,اسبشيال,كفته اسبيشيال صغير طبق,1.0,0.0,0.0,0.0,
953,اسبشيال,برجر اسبشيال عائلى طبق,288.0,18768.0,65.16666666666667,0.02833022200861491,
953,اسبشيال,كفته اسبيشيال عائلى طبق,156.0,9547.2,61.2,0.014411460760904108,
953,الهنا,عرض مصنعات طبق,15.0,600.0,40.0,0.0009056976345465125,
955,ابوهاشم,سجق شرقى 3 ك ابو هاشم كيس 3 كيلو,104.0,39000.0,375.0,0.058870346245523314,233.33333333333334
955,اسبشيال,استربس اسبشيال 900 جرام,10.0,1650.0,165.0,0.0024906684950029095,
955,اسبشيال,بانيه 900 جرام اسباشيل كيس,40.0,2440.0,61.0,0.003683170380489151,
955,اسبشيال,برجر اسبشيال عائلى طبق,12.0,816.0,68.0,0.001231748782983257,
955,اسبشيال,كفته اسبيشيال عائلى طبق,36.0,2386.8,66.30000000000001,0.003602865190226027,
956,ابوهاشم,عجينة بقرى 5 ك,2.0,920.0,460.0,0.0013887363729713192,
956,ابوهاشم,عجينة بقرى 500 جرام كيلو,1.0,0.0,0.0,0.0,
956,الهنا,سجق الهنا 5 كيلو طبق,41.0,15170.0,370.0,0.022899055193450993,
957,ابوهاشم,عجينة بقرى 5 ك,1.0,0.0,0.0,0.0,
958,اسبشيال,بانيه 900 جرام اسباشيل كيس,20.0,1260.0,63.0,0.0019019650325476764,-3.125
958,اسبشيال,برجر اسبشيال صغير طبق,30.0,945.0,31.5,0.0014264737744107572,-5.555555555555555
958,اسبشيال,كفته اسبيشيال صغير طبق,15.0,472.5,31.5,0.0007132368872053786,
959,اسبشيال,بانيه 900 جرام اسباشيل كيس,40.0,2560.0,64.0,0.0038643099073984535,
959,اسبشيال,برجر اسبشيال صغير طبق,45.0,1377.0,30.6,0.0020785760712842462,
959,اسبشيال,برجر اسبشيال عائلى طبق,48.0,3264.0,68.0,0.004926995131933028,
959,اسبشيال,كفته اسبيشيال صغير طبق,45.0,1338.75,29.75,0.002020837847081906,
959,اسبشيال,كفته اسبيشيال عائلى طبق,48.0,3182.4,66.3,0.004803820253634702,
960,اسبشيال,برجر اسبشيال صغير طبق,15.0,486.0,32.4,0.000733615083982675,
960,اسبشيال,برجر اسبشيال عائلى طبق,12.0,864.0,72.0,0.001304204593746978,
960,اسبشيال,كفته اسبيشيال صغير طبق,15.0,472.5,31.5,0.0007132368872053786,
960,اسبشيال,كفته اسبيشيال عائلى طبق,12.0,842.4,70.2,0.0012715994789033035,
961,ابوهاشم,سجق 350 جم ابو هاشم طبق,20.0,1098.0,54.9,0.0016574266712201177,
961,ابوهاشم,سجق شرقى 3 ك ابو هاشم كيس 3 كيلو,8.0,3000.0,375.0,0.004528488172732562,
961,ابوهاشم,كفته ابو هاشم 800 طبق,16.0,1684.8,105.3,0.002543198957806607,
962,ابوهاشم,برجر ابو هاشم جامبو 1.5 كيلو طبق,36.0,6615.0,183.75,0.009985316420875301,
962,ابوهاشم,سجق شرقى 3 ك ابو هاشم كيس 3 كيلو,52.0,19500.0,375.0,0.029435173122761657,
962,ابوهاشم,عجينة بقرى 5 ك,122.0,56120.0,460.0,0.08471291875125048,
962,ابوهاشم,كبده اسكندرانى 400 طبق,419.0,32682.0,78.0,0.04933335015374853,
962,ابوهاشم,مفروم صافى 400 جم طبق,180.0,18000.0,100.0,0.027170929036395376,
962,ابوهاشم,مفروم صويا 400 جم طبق,331.0,25026.0,75.60725075528701,0.03777664833693504,
962,اسبشيال,استربس اسبشيال 900 جرام,1010.0,158400.0,156.83168316831683,0.23910417552027932,
962,اسبشيال,بانيه 900 جرام اسباشيل كيس,890.0,55480.0,62.337078651685395,0.08374684127440085,93.54497354497354
962,اسبشيال,برجر اسبشيال صغير طبق,645.0,20547.0,31.855813953488372,0.03101561549504532,67.01754385964912
962,اسبشيال,برجر اسبشيال عائلى طبق,216.0,15408.0,71.33333333333333,0.02325831525515444,-26.486486486486488
962,اسبشيال,سجق اسبشيال 5 ك كيس,4.0,1560.0,390.0,0.0023548138498209327,
962,اسبشيال,سجق اسبيشيال صغير طبق,435.0,14420.25,33.15,0.021767310524282244,-55.00000000000001
962,اسبشيال,سجق اسبيشيال عائلى طبق,180.0,12852.0,71.4,0.0194000433319863,
962,اسبشيال,كفته اسبيشيال صغير طبق,480.0,15461.25,32.2109375,0.023338695920220445,-47.01298701298701
962,اسبشيال,كفته اسبيشيال عائلى طبق,180.0,13338.0,74.1,0.020133658415968973,
962,الهنا,استربس الهنا 800 جرام,180.0,27000.0,150.0,0.04075639355459306,
962,الهنا,بانيه 800 جرام طبق,336.0,19488.0,58.0,0.029417059170070727,
962,الهنا,برجر الهنا 400 جرام طبق,405.0,11704.5,28.9,0.017667896605916094,-65.0
962,الهنا,برجر الهنا 900 جرام طبق,180.0,10710.0,59.5,0.01616670277665525,
962,الهنا,سجق الهنا 350 طبق,390.0,11934.0,30.6,0.01801432595113013,-63.1578947368421
962,الهنا,سجق الهنا 800 جرام طبق,144.0,8935.2,62.050000000000004,0.013487649173666665,
962,الهنا,كفته الهنا 350 طبق,480.0,11832.0,24.65,0.017860357353257226,-29.411764705882355
962,الهنا,كفته الهنا 800 جرام طبق,180.0,10251.0,56.95,0.015473844086227165,
963,ابوهاشم,سجق شرقى 3 ك ابو هاشم كيس 3 كيلو,1.0,375.0,375.0,0.0005660610215915703,
963,اسبشيال,بانيه 900 جرام اسباشيل كيس,20.0,1200.0,60.0,0.001811395269093025,
963,اسبشيال,برجر اسبشيال صغير طبق,75.0,2295.0,30.6,0.00346429345214041,300.0
963,اسبشيال,سجق اسبيشيال صغير طبق,1.0,0.0,0.0,0.0,
963,اسبشيال,كفته اسبيشيال صغير طبق,60.0,1785.0,29.75,0.0026944504627758746,200.0
963,اسبشيال,كفته اسبيشيال عائلى طبق,36.0,2386.8,66.30000000000001,0.003602865190226027,
963,الهنا,سجق الهنا 5 كيلو طبق,2.0,745.0,372.5,0.0011245745628952531,-1.3333333333333335
964,اسبشيال,بانيه 900 جرام اسباشيل كيس,200.0,12300.0,61.5,0.018566801508203508,-67.74193548387096
964,اسبشيال,برجر اسبشيال صغير طبق,15.0,459.0,30.6,0.000692858690428082,
964,اسبشيال,برجر اسبشيال عائلى طبق,24.0,1632.0,68.0,0.002463497565966514,
964,الهنا,استربس الهنا 800 جرام,24.0,3600.0,150.0,0.0054341858072790745,
964,الهنا,استربس الهنا 900 جرام,20.0,3100.0,155.0,0.004679437778490315,
964,الهنا,سجق الهنا 5 كيلو طبق,35.0,12990.0,371.14285714285717,0.019608353787931992,233.0
965,ابوهاشم,عجينة بقرى 5 ك,11.0,5080.0,461.8181818181818,0.007668239972493805,340.4255319148936
965,اسبشيال,برجر اسبشيال صغير طبق,1.0,0.0,0.0,0.0,
965,اسبشيال,برجر اسبشيال عائلى طبق,1.0,0.0,0.0,0.0,
965,اسبشيال,سجق اسبيشيال صغير طبق,1.0,0.0,0.0,0.0,
965,اسبشيال,كفته اسبيشيال صغير طبق,1.0,0.0,0.0,0.0,
965,اسبشيال,كفته اسبيشيال عائلى طبق,1.0,0.0,0.0,0.0,
965,الهنا,سجق الهنا 5 كيلو طبق,10.0,3700.0,370.0,0.005585135413036827,
966,اسبشيال,بانيه 900 جرام اسباشيل كيس,40.0,2400.0,60.0,0.00362279053818605,
966,اسبشيال,برجر اسبشيال صغير طبق,15.0,459.0,30.6,0.000692858690428082,
966,اسبشيال,كفته اسبيشيال صغير طبق,15.0,446.25,29.75,0.0006736126156939687,
966,اسبشيال,كفته اسبيشيال عائلى طبق,12.0,795.6,66.3,0.0012009550634086755,
966,الهنا,سجق الهنا 5 كيلو طبق,2.0,740.0,370.0,0.0011170270826073654,
967,اسبشيال,استربس اسبشيال 900 جرام,110.0,16500.0,150.0,0.024906684950029095,
967,اسبشيال,بانيه 900 جرام اسباشيل كيس,1120.0,65520.0,58.5,0.09890218169247916,1561.2903225806451
967,اسبشيال,برجر اسبشيال صغير طبق,195.0,5508.0,28.246153846153845,0.008314304285136985,
967,اسبشيال,سجق اسبيشيال صغير طبق,45.0,1491.75,33.15,0.0022517907438912663,
967,اسبشيال,كفته اسبيشيال صغير طبق,1080.0,29898.75,27.68402777777778,0.0451320452514959,-8.571428571428571
968,الهنا,برجر الهنا 400 جرام طبق,300.0,8670.0,28.9,0.013087330819197107,
968,الهنا,برجر الهنا 900 جرام طبق,348.0,17850.0,51.293103448275865,0.026944504627758745,50.0
968,الهنا,سجق الهنا 350 طبق,300.0,9180.0,30.6,0.01385717380856164,
968,الهنا,سجق الهنا 800 جرام طبق,120.0,7446.0,62.05,0.01123970764472222,
968,الهنا,كفته الهنا 350 طبق,720.0,16320.0,22.666666666666668,0.024634975659665142,
968,الهنا,كفته الهنا 800 جرام طبق,420.0,23919.0,56.95,0.03610563620119672,150.0
969,ابوهاشم,عجينة بقرى 5 ك,23.0,10580.0,460.0,0.01597046828917017,
969,الهنا,سجق الهنا 5 كيلو طبق,13.0,4810.0,370.0,0.007260676036947875,
970,ابوهاشم,سجق شرقى 3 ك ابو هاشم كيس 3 كيلو,1.0,375.0,375.0,0.0005660610215915703,
970,ابوهاشم,عجينة بقرى 5 ك,7.0,3220.0,460.0,0.004860577305399617,
970,ابوهاشم,كبده اسكندرانى 400 طبق,4.0,312.0,78.0,0.0004709627699641865,
970,اسبشيال,بانيه 900 جرام اسباشيل كيس,61.0,3740.0,61.31147540983606,0.005645515255339927,
970,اسبشيال,برجر اسبشيال عائلى طبق,27.0,1836.0,68.0,0.002771434761712328,25.0
970,اسبشيال,سجق اسبيشيال صغير طبق,15.0,497.25,33.15,0.0007505969146304223,
970,اسبشيال,كفته اسبيشيال صغير طبق,15.0,446.25,29.75,0.0006736126156939687,
970,اسبشيال,كفته اسبيشيال عائلى طبق,36.0,2386.8,66.30000000000001,0.003602865190226027,100.0
970,الهنا,سجق الهنا 5 كيلو طبق,5.0,1850.0,370.0,0.0027925677065184134,300.0
971,اسبشيال,بانيه 900 جرام اسباشيل كيس,1190.0,72260.0,60.72268907563025,0.10907618512055167,965.4838709677418
972,ابوهاشم,عجينة بقرى 5 ك,2.0,920.0,460.0,0.0013887363729713192,
972,اسبشيال,بانيه 900 جرام اسباشيل كيس,10.0,620.0,62.0,0.0009358875556980629,
972,اسبشيال,برجر اسبشيال صغير طبق,16.0,459.0,28.6875,0.000692858690428082,
972,اسبشيال,برجر اسبشيال عائلى طبق,1.0,0.0,0.0,0.0,
972,اسبشيال,سجق اسبيشيال صغير طبق,1.0,0.0,0.0,0.0,
972,اسبشيال,سجق اسبيشيال عائلى طبق,1.0,0.0,0.0,0.0,
972,اسبشيال,كفته اسبيشيال صغير طبق,16.0,446.25,27.890625,0.0006736126156939687,
972,اسبشيال,كفته اسبيشيال عائلى طبق,1.0,0.0,0.0,0.0,
972,الهنا,بانيه 800 جرام طبق,24.0,1320.0,55.0,0.0019925347960023277,
972,الهنا,سجق الهنا 5 كيلو طبق,1.0,370.0,370.0,0.0005585135413036827,
973,ابوهاشم,عجينة بقرى 5 ك,2.0,920.0,460.0,0.0013887363729713192,
973,اسبشيال,استربس اسبشيال 900 جرام,9.0,1485.0,165.0,0.0022416016455026186,
973,اسبشيال,بانيه 900 جرام اسباشيل كيس,30.0,1840.0,61.333333333333336,0.0027774727459426384,-51.61290322580645
973,اسبشيال,كفته اسبيشيال صغير طبق,60.0,1785.0,29.75,0.0026944504627758746,
973,اسبشيال,كفته اسبيشيال عائلى طبق,12.0,795.6,66.3,0.0012009550634086755,
973,الهنا,استربس الهنا 900 جرام,10.0,1550.0,155.0,0.0023397188892451573,
973,الهنا,سجق الهنا 5 كيلو طبق,1.0,370.0,370.0,0.0005585135413036827,
974,ابوهاشم,برجر ابو هاشم جامبو 1.5 كيلو طبق,1.0,0.0,0.0,0.0,
974,ابوهاشم,عجينة بقرى 5 ك,197.0,87176.0,442.51776649746193,0.13159182831537797,-1.7645988721120613
974,اسبشيال,استربس اسبشيال 900 جرام,380.0,57750.0,151.97368421052633,0.08717339732510182,
974,اسبشيال,بانيه 900 جرام اسباشيل كيس,330.0,20020.0,60.666666666666664,0.030220111072701967,445.80645161290323
974,اسبشيال,برجر اسبشيال صغير طبق,45.0,1377.0,30.6,0.0020785760712842462,-50.0
974,اسبشيال,برجر اسبشيال عائلى طبق,24.0,1632.0,68.0,0.002463497565966514,
974,اسبشيال,سجق اسبيشيال عائلى طبق,168.0,11995.2,71.4,0.01810670710985388,80.00000000000001
974,اسبشيال,كفته اسبيشيال صغير طبق,45.0,1338.75,29.75,0.002020837847081906,-50.0
974,اسبشيال,كفته اسبيشيال عائلى طبق,24.0,1591.2,66.3,0.002401910126817351,
974,الهنا,استربس الهنا 900 جرام,70.0,10850.0,155.0,0.0163780322247161,
974,الهنا,سجق الهنا 5 كيلو طبق,113.0,41810.0,370.0,0.06311203016731615,218.5185185185185
975,ابوهاشم,عجينة بقرى 5 ك,33.0,15180.0,460.0,0.022914150154026765,-42.857142857142854
975,اسبشيال,بانيه 900 جرام اسباشيل كيس,240.0,14580.0,60.75,0.022008452519480252,61.29032258064516
975,اسبشيال,برجر اسبشيال صغير طبق,165.0,5049.0,30.6,0.007621445594708903,900.0
975,اسبشيال,برجر اسبشيال عائلى طبق,252.0,17136.0,68.0,0.025866724442648394,1900.0
975,اسبشيال,سجق اسبيشيال صغير طبق,270.0,7956.0,29.466666666666665,0.012009550634086756,1400.0
975,اسبشيال,كفته اسبيشيال صغير طبق,210.0,6247.5,29.75,0.009430576619715561,1200.0
975,اسبشيال,كفته اسبيشيال عائلى طبق,12.0,795.6,66.3,0.0012009550634086755,
975,الهنا,سجق الهنا 5 كيلو طبق,8.0,2960.0,370.0,0.004468108330429462,66.66666666666666
976,ابوهاشم,عجينة بقرى 5 ك,168.0,77280.0,460.0,0.11665385532959081,1666.6666666666667
977,ابوهاشم,برجر ابو هاشم جامبو 1.5 كيلو طبق,1.0,0.0,0.0,0.0,
977,ابوهاشم,سجق شرقى 3 ك ابو هاشم كيس 3 كيلو,4.0,1500.0,375.0,0.002264244086366281,
977,ابوهاشم,عجينة بقرى 5 ك,6.0,2760.0,460.0,0.004166209118913957,
977,ابوهاشم,كفته ابو هاشم 800 طبق,1.0,0.0,0.0,0.0,
977,اسبشيال,بانيه 900 جرام اسباشيل كيس,10.0,620.0,62.0,0.0009358875556980629,
977,اسبشيال,برجر اسبشيال عائلى طبق,1.0,0.0,0.0,0.0,
978,ابوهاشم,عجينة بقرى 5 ك,6.0,2760.0,460.0,0.004166209118913957,
978,اسبشيال,بانيه 900 جرام اسباشيل كيس,10.0,620.0,62.0,0.0009358875556980629,
979,اسبشيال,بانيه 900 جرام اسباشيل كيس,360.0,21820.0,60.611111111111114,0.032937203976341506,
979,اسبشيال,برجر اسبشيال صغير طبق,15.0,459.0,30.6,0.000692858690428082,
979,اسبشيال,كفته اسبيشيال صغير طبق,15.0,446.25,29.75,0.0006736126156939687,
979,اسبشيال,كفته اسبيشيال عائلى طبق,2.0,0.0,0.0,0.0,
980,اسبشيال,برجر اسبشيال صغير طبق,105.0,2754.0,26.228571428571428,0.0041571521425684925,
980,اسبشيال,برجر اسبشيال عائلى طبق,84.0,5712.0,68.0,0.0086222414808828,
980,اسبشيال,كفته اسبيشيال صغير طبق,105.0,3123.75,29.75,0.004715288309857781,
980,اسبشيال,كفته اسبيشيال عائلى طبق,84.0,4773.6,56.828571428571436,0.007205730380452054,
981,اسبشيال,بانيه 900 جرام اسباشيل كيس,40.0,2400.0,60.0,0.00362279053818605,
981,اسبشيال,برجر اسبشيال صغير طبق,15.0,459.0,30.6,0.000692858690428082,
981,اسبشيال,برجر اسبشيال عائلى طبق,13.0,816.0,62.76923076923077,0.001231748782983257,
981,اسبشيال,سجق اسبيشيال صغير طبق,45.0,1491.75,33.15,0.0022517907438912663,
981,اسبشيال,كفته اسبيشيال صغير طبق,16.0,446.25,27.890625,0.0006736126156939687,
981,اسبشيال,كفته اسبيشيال عائلى طبق,61.0,3978.0,65.21311475409836,0.006004775317043378,
982,اسبشيال,برجر اسبشيال صغير طبق,15.0,425.2,28.346666666666668,0.0006418377236819618,
982,اسبشيال,برجر اسبشيال عائلى طبق,24.0,1571.9,65.49583333333334,0.002372776852906105,
982,اسبشيال,كفته اسبيشيال صغير طبق,15.0,413.38,27.558666666666667,0.0006239954802813955,
982,اسبشيال,كفته اسبيشيال عائلى طبق,12.0,737.01,61.4175,0.0011125136893952085,
983,اسبشيال,برجر اسبشيال عائلى طبق,1.0,0.0,0.0,0.0,
983,اسبشيال,كفته اسبيشيال صغير طبق,1.0,0.0,0.0,0.0,
983,اسبشيال,كفته اسبيشيال عائلى طبق,1.0,0.0,0.0,0.0,
984,ابوهاشم,عجينة بقرى 5 ك,3.0,1380.0,460.0,0.0020831045594569787,
984,ابوهاشم,مفروم صويا 400 جم طبق,56.0,3920.0,70.0,0.005917224545703882,
984,اسبشيال,بانيه 900 جرام اسباشيل كيس,580.0,34640.0,59.724137931034484,0.05228894343448532,
984,اسبشيال,برجر اسبشيال صغير طبق,330.0,9639.0,29.20909090909091,0.014550032498989724,
984,اسبشيال,برجر اسبشيال عائلى طبق,1068.0,66096.0,61.8876404494382,0.09977165142164382,
984,اسبشيال,سجق اسبشيال 5 ك كيس,5.0,1950.0,390.0,0.0029435173122761655,
984,اسبشيال,سجق اسبيشيال صغير طبق,45.0,1491.75,33.15,0.0022517907438912663,
984,اسبشيال,كفته اسبيشيال صغير طبق,405.0,12048.75,29.75,0.018187540623737154,
984,اسبشيال,كفته اسبيشيال عائلى طبق,900.0,54100.799999999996,60.111999999999995,0.08166494431178993,
985,ابوهاشم,كبده اسكندرانى 400 طبق,20.0,1560.0,78.0,0.0023548138498209327,
985,ابوهاشم,مفروم صافى 400 جم طبق,20.0,2000.0,100.0,0.0030189921151550416,
985,ابوهاشم,مفروم صويا 400 جم طبق,28.0,2100.0,75.0,0.0031699417209127938,
985,اسبشيال,استربس اسبشيال 900 جرام,10.0,1600.0,160.0,0.002415193692124033,
985,اسبشيال,بانيه 900 جرام اسباشيل كيس,20.0,1200.0,60.0,0.001811395269093025,
985,اسبشيال,برجر اسبشيال صغير طبق,105.0,3213.0,30.6,0.004850010832996575,
985,اسبشيال,برجر اسبشيال عائلى طبق,36.0,1632.0,45.333333333333336,0.002463497565966514,
985,اسبشيال,سجق اسبيشيال صغير طبق,150.0,4972.5,33.15,0.007505969146304222,
985,اسبشيال,سجق اسبيشيال عائلى طبق,60.0,4284.0,71.4,0.006466681110662099,
985,اسبشيال,كفته اسبيشيال صغير طبق,120.0,3570.0,29.75,0.005388900925551749,
985,اسبشيال,كفته اسبيشيال عائلى طبق,96.0,6364.8,66.3,0.009607640507269404,
985,الهنا,استربس الهنا 800 جرام,24.0,3600.0,150.0,0.0054341858072790745,
986,ابوهاشم,عجينة بقرى 5 ك,3.0,1380.0,460.0,0.0020831045594569787,
986,ابوهاشم,كبده اسكندرانى 400 طبق,20.0,1560.0,78.0,0.0023548138498209327,
986,اسبشيال,استربس اسبشيال 900 جرام,20.0,3300.0,165.0,0.004981336990005819,
986,اسبشيال,بانيه 900 جرام اسباشيل كيس,726.0,43560.0,60.0,0.06575364826807681,
986,اسبشيال,برجر اسبشيال صغير طبق,45.0,1458.0,32.4,0.0022008452519480253,
986,اسبشيال,برجر اسبشيال عائلى طبق,62.0,4216.0,68.0,0.006364035378746828,
986,اسبشيال,سجق اسبيشيال عائلى طبق,24.0,1713.6,71.39999999999999,0.0025866724442648397,
986,اسبشيال,كفته اسبيشيال صغير طبق,45.0,1496.25,33.25,0.0022585834761503654,
986,اسبشيال,كفته اسبيشيال عائلى طبق,732.0,48674.4,66.49508196721311,0.07347381490495128,
986,الهنا,استربس الهنا 900 جرام,20.0,3100.0,155.0,0.004679437778490315,
986,الهنا,بانيه 800 جرام طبق,384.0,21408.0,55.75,0.032315291600619564,
986,الهنا,سجق الهنا 800 جرام طبق,24.0,1489.2,62.050000000000004,0.002247941528944444,
986,الهنا,عجينه سجق 5 كيلو الهنا طبق,16.0,3680.0,230.0,0.005554945491885277,
987,اسبشيال,برجر اسبشيال عائلى طبق,24.0,1632.0,68.0,0.002463497565966514,
987,اسبشيال,كفته اسبيشيال عائلى طبق,48.0,3182.4,66.3,0.004803820253634702,
987,الهنا,استربس الهنا 800 جرام,12.0,1800.0,150.0,0.0027170929036395373,
987,الهنا,بانيه 800 جرام طبق,24.0,1368.0,57.0,0.0020649906067660485,
988,ابوهاشم,سجق شرقى 3 ك ابو هاشم كيس 3 كيلو,4.0,1500.0,375.0,0.002264244086366281,
988,ابوهاشم,عجينة بقرى 5 ك,3.0,1380.0,460.0,0.0020831045594569787,
988,اسبشيال,برجر اسبشيال صغير طبق,15.0,459.0,30.6,0.000692858690428082,
988,اسبشيال,برجر اسبشيال عائلى طبق,12.0,816.0,68.0,0.001231748782983257,
988,اسبشيال,كفته اسبيشيال صغير طبق,15.0,446.25,29.75,0.0006736126156939687,
988,اسبشيال,كفته اسبيشيال عائلى طبق,12.0,795.6,66.3,0.0012009550634086755,
988,الهنا,استربس الهنا 800 جرام,12.0,1800.0,150.0,0.0027170929036395373,
989,ابوهاشم,عجينة بقرى 5 ك,3.0,1380.0,460.0,0.0020831045594569787,
990,ابوهاشم,عجينة بقرى 5 ك,3.0,1380.0,460.0,0.0020831045594569787,
991,ابوهاشم,عجينة بقرى 5 ك,3.0,1380.0,460.0,0.0020831045594569787,
991,اسبشيال,بانيه 900 جرام اسباشيل كيس,10.0,620.0,62.0,0.0009358875556980629,
991,اسبشيال,برجر اسبشيال عائلى طبق,12.0,816.0,68.0,0.001231748782983257,
991,الهنا,بانيه 800 جرام طبق,12.0,684.0,57.0,0.0010324953033830242,
992,ابوهاشم,عجينة بقرى 5 ك,1.0,460.0,460.0,0.0006943681864856596,
992,اسبشيال,استربس اسبشيال 900 جرام,1.0,165.0,165.0,0.00024906684950029096,
992,اسبشيال,بانيه 900 جرام اسباشيل كيس,20.0,1240.0,62.0,0.0018717751113961258,
992,اسبشيال,برجر اسبشيال عائلى طبق,1.0,68.0,68.0,0.00010264573191527142,
992,اسبشيال,كفته اسبيشيال عائلى طبق,1.0,66.3,66.3,0.00010007958861738963,
992,الهنا,بانيه 800 جرام طبق,1.0,57.0,57.0,8.604127528191869e-05,
993,ابوهاشم,عجينة بقرى 5 ك,1.0,460.0,460.0,0.0006943681864856596,
993,اسبشيال,استربس اسبشيال 900 جرام,1.0,165.0,165.0,0.00024906684950029096,
993,اسبشيال,بانيه 900 جرام اسباشيل كيس,10.0,620.0,62.0,0.0009358875556980629,
993,اسبشيال,برجر اسبشيال عائلى طبق,1.0,68.0,68.0,0.00010264573191527142,
993,اسبشيال,كفته اسبيشيال عائلى طبق,1.0,66.3,66.3,0.00010007958861738963,
993,الهنا,بانيه 800 جرام طبق,1.0,57.0,57.0,8.604127528191869e-05,
994,اسبشيال,استربس اسبشيال 900 جرام,3.0,495.0,165.0,0.0007472005485008728,
994,الهنا,بانيه 800 جرام طبق,12.0,684.0,57.0,0.0010324953033830242,
995,ابوهاشم,عجينة بقرى 5 ك,3.0,1380.0,460.0,0.0020831045594569787,
995,الهنا,بانيه 800 جرام طبق,12.0,684.0,57.0,0.0010324953033830242,
996,اسبشيال,برجر اسبشيال عائلى طبق,24.0,1632.0,68.0,0.002463497565966514,
996,الهنا,استربس الهنا 800 جرام,12.0,1800.0,150.0,0.0027170929036395373,
996,الهنا,استربس الهنا 900 جرام,30.0,4650.0,155.0,0.0070191566677354714,
996,الهنا,بانيه 800 جرام طبق,108.0,5940.0,55.0,0.008966406582010474,
996,الهنا,برجر الهنا 800 جرام طبق,24.0,1244.4,51.85,0.001878416894049467,
997,اسبشيال,بانيه 900 جرام اسباشيل كيس,50.0,3040.0,60.8,0.004588868015035663,
997,اسبشيال,برجر اسبشيال عائلى طبق,96.0,6528.0,68.0,0.009853990263866056,
997,اسبشيال,كفته اسبيشيال عائلى طبق,36.0,2386.8,66.30000000000001,0.003602865190226027,
997,الهنا,استربس الهنا 800 جرام,12.0,1800.0,150.0,0.0027170929036395373,
997,الهنا,استربس الهنا 900 جرام,10.0,1550.0,155.0,0.0023397188892451573,
997,الهنا,بانيه 800 جرام طبق,24.0,1320.0,55.0,0.0019925347960023277,
997,الهنا,برجر الهنا 800 جرام طبق,36.0,1866.6000000000001,51.85,0.0028176253410742004,
997,الهنا,كفته الهنا 800 جرام طبق,12.0,683.4,56.949999999999996,0.0010315896057484777,
998,اسبشيال,استربس اسبشيال 900 جرام,10.0,1600.0,160.0,0.002415193692124033,
998,اسبشيال,بانيه 900 جرام اسباشيل كيس,160.0,9920.0,62.0,0.014974200891169007,
998,اسبشيال,برجر اسبشيال صغير طبق,76.0,2295.0,30.19736842105263,0.00346429345214041,
998,اسبشيال,برجر اسبشيال عائلى طبق,12.0,816.0,68.0,0.001231748782983257,
998,اسبشيال,سجق اسبيشيال صغير طبق,46.0,1491.75,32.42934782608695,0.0022517907438912663,
998,اسبشيال,كفته اسبيشيال صغير طبق,46.0,892.5,19.402173913043477,0.0013472252313879373,
998,اسبشيال,كفته اسبيشيال عائلى طبق,204.0,12729.6,62.4,0.01921528101453881,
999,اسبشيال,استربس اسبشيال 900 جرام,10.0,1650.0,165.0,0.0024906684950029095,
999,اسبشيال,بانيه 900 جرام اسباشيل كيس,37.0,2258.0,61.027027027027025,0.0034084420980100417,
999,اسبشيال,برجر اسبشيال صغير طبق,16.0,459.0,28.6875,0.000692858690428082,
999,اسبشيال,برجر اسبشيال عائلى طبق,12.0,816.0,68.0,0.001231748782983257,
999,اسبشيال,سجق اسبيشيال صغير طبق,16.0,497.25,31.078125,0.0007505969146304223,
999,اسبشيال,كفته اسبيشيال صغير طبق,16.0,446.25,27.890625,0.0006736126156939687,
999,اسبشيال,كفته اسبيشيال عائلى طبق,12.0,795.6,66.3,0.0012009550634086755,
999,الهنا,استربس الهنا 900 جرام,10.0,1550.0,155.0,0.0023397188892451573,
999,الهنا,سجق الهنا 5 كيلو طبق,2.0,740.0,370.0,0.0011170270826073654,
