{
  "cv_summary": {
    "Naive": {
      "n_folds": 8,
      "rmse": 607964.521813967,
      "mae": 507530.8787499999,
      "mape": 14.307141014895308,
      "smape": 14.616638614058509
    },
    "Drift": {
      "n_folds": 8,
      "rmse": 634149.4214117681,
      "mae": 546927.0869475505,
      "mape": 15.446308406369466,
      "smape": 15.605787961714052
    },
    "SES": {
      "n_folds": 8,
      "rmse": 626980.5535984642,
      "mae": 448347.93334233837,
      "mape": 11.805482231457788,
      "smape": 12.973653846931086
    },
    "Holt": {
      "n_folds": 8,
      "rmse": 515504.7979232463,
      "mae": 409077.3570699376,
      "mape": 12.029150284552937,
      "smape": 11.650113637785434
    },
    "ARIMA(1,1,0)": {
      "n_folds": 8,
      "rmse": 570885.4112445277,
      "mae": 474623.6711034726,
      "mape": 13.432108627863434,
      "smape": 13.524570312835044
    },
    "ARIMA(0,1,1)": {
      "n_folds": 8,
      "rmse": 570009.0612271399,
      "mae": 428814.5640614109,
      "mape": 12.152881082981226,
      "smape": 12.397327586223215
    },
    "ARIMA(1,1,1)": {
      "n_folds": 8,
      "rmse": 604791.1568264834,
      "mae": 503508.7148681176,
      "mape": 14.4625311301515,
      "smape": 14.18290837356952
    },
    "Fourier-OLS": {
      "n_folds": 8,
      "rmse": 797781.7733486653,
      "mae": 645079.972254069,
      "mape": 18.428236011474503,
      "smape": 18.51306976684378
    }
  },
  "best_model_by_rolling_rmse": "Holt",
  "in_sample_aic_bic": {
    "ARIMA(1, 1, 0)": {
      "aic": 503.61349240143034,
      "bic": 505.2799190895428
    },
    "ARIMA(0, 1, 1)": {
      "aic": 505.91380220753337,
      "bic": 507.5802288956458
    },
    "ARIMA(1, 1, 1)": {
      "aic": 501.3272918757522,
      "bic": 503.8269319079209
    },
    "ARIMA(2, 1, 1)": {
      "aic": 502.21117396086356,
      "bic": 505.54402733708844
    },
    "ARIMA(1, 1, 2)": {
      "aic": 500.96178352388495,
      "bic": 504.2946369001098
    },
    "SES": {
      "aic": 481.9492414361782,
      "bic": 483.72998495197055
    },
    "Holt": {
      "aic": 478.8472387482326,
      "bic": 482.40872577981725
    }
  },
  "forecast_company_revenue": [
    {
      "month": "2026-07",
      "base_case": 4010700.6346145296,
      "conservative_case": 3045275.755249836,
      "optimistic_case": 4976125.513979223,
      "ci95_lower": 3045275.755249836,
      "ci95_upper": 4976125.513979223
    },
    {
      "month": "2026-08",
      "base_case": 4097307.7362710596,
      "conservative_case": 2731990.778421101,
      "optimistic_case": 5462624.694121018,
      "ci95_lower": 2731990.778421101,
      "ci95_upper": 5462624.694121018
    },
    {
      "month": "2026-09",
      "base_case": 4183914.8379275897,
      "conservative_case": 2511749.8959768866,
      "optimistic_case": 5856079.779878292,
      "ci95_lower": 2511749.8959768866,
      "ci95_upper": 5856079.779878292
    },
    {
      "month": "2026-10",
      "base_case": 4270521.939584119,
      "conservative_case": 2339672.180854732,
      "optimistic_case": 6201371.698313506,
      "ci95_lower": 2339672.180854732,
      "ci95_upper": 6201371.698313506
    },
    {
      "month": "2026-11",
      "base_case": 4357129.041240649,
      "conservative_case": 2198373.3838116606,
      "optimistic_case": 6515884.6986696385,
      "ci95_lower": 2198373.3838116606,
      "ci95_upper": 6515884.6986696385
    },
    {
      "month": "2026-12",
      "base_case": 4443736.142897179,
      "conservative_case": 2078937.803465676,
      "optimistic_case": 6808534.482328683,
      "ci95_lower": 2078937.803465676,
      "ci95_upper": 6808534.482328683
    },
    {
      "month": "2027-01",
      "base_case": 4530343.244553709,
      "conservative_case": 1976069.1042401972,
      "optimistic_case": 7084617.384867221,
      "ci95_lower": 1976069.1042401972,
      "ci95_upper": 7084617.384867221
    }
  ],
  "historical_months": [
    "2025-01",
    "2025-02",
    "2025-03",
    "2025-04",
    "2025-05",
    "2025-06",
    "2025-07",
    "2025-08",
    "2025-09",
    "2025-10",
    "2025-11",
    "2025-12",
    "2026-01",
    "2026-02",
    "2026-03",
    "2026-04",
    "2026-05",
    "2026-06"
  ],
  "historical_revenue": [
    2928292.96,
    2152970.97,
    3326914.495,
    2442991.52,
    3163361.15,
    2116277.735,
    2642056.17,
    3042711.98,
    3873847.08,
    3711622.74,
    3032455.14,
    3173527.23,
    2678931.71,
    3465996.21,
    3313076.35,
    4492997.3,
    4164840.63,
    3867490.79
  ],
  "method_note": "يعتمد اختيار النموذج على التحقق المتدحرج (Rolling-origin, expanding window, one-step-ahead) عبر آخر 8 أشهر، باختيار النموذج الأقل خطأ (RMSE) خارج العيّنة؛ ثم تتم إعادة معايرة هذا النموذج على كامل تاريخ الـ18 شهرًا لإنتاج توقع 7 أشهر مقبلة مع فترة ثقة 95% مبنية على تقريب التوزيع الطبيعي."
}