{
  "n_obs": 18,
  "series": "monthly company revenue (EGP), 2025-01..2026-06",
  "adf_level": {
    "stat": -1.0450824837908015,
    "pvalue": 0.7364686145710646,
    "lags": 7,
    "crit_values": {
      "1%": -4.331573,
      "5%": -3.23295,
      "10%": -2.7487
    }
  },
  "adf_first_diff": {
    "stat": -6.59907068141236,
    "pvalue": 6.807867546990733e-09,
    "lags": 5
  },
  "kpss_level": {
    "stat": 0.5987748600947921,
    "pvalue": 0.022747739991382535,
    "lags": 1,
    "crit_values": {
      "10%": 0.347,
      "5%": 0.463,
      "2.5%": 0.574,
      "1%": 0.739
    }
  },
  "acf": [
    1.0,
    0.39299962809841743,
    0.3395502731890209,
    -0.15221232038774718,
    0.015825026890357446,
    0.03430604146747813,
    0.11548133529837466,
    0.1593157592374646,
    -0.0354955854020541
  ],
  "pacf": [
    1.0,
    0.4161172532806773,
    0.2525746993614497,
    -0.525206930161363,
    0.28730187724339,
    0.4264325695314953,
    -0.45995909819337816,
    0.422217600967713,
    -0.43989758940827584
  ],
  "acf_pacf_ci95": 0.4619764303752111,
  "ljung_box": [
    {
      "index": 4,
      "lb_stat": 6.4272880841999624,
      "lb_pvalue": 0.16942986720303324
    },
    {
      "index": 8,
      "lb_stat": 7.7359828036302725,
      "lb_pvalue": 0.4596758722427682
    }
  ],
  "seasonal_decompose_error": "x must have 2 complete cycles requires 24 observations. x only has 18 observation(s)",
  "ols_trend_seasonal": {
    "params": {
      "const": 2430328.321200627,
      "trend": 81573.87210129222,
      "sin12": -43329.17442789403,
      "cos12": -57026.9294826329
    },
    "pvalues": {
      "const": 3.3060327581581706e-07,
      "trend": 0.0051623387390111386,
      "sin12": 0.8211955574196139,
      "cos12": 0.7578432232447944
    },
    "r2": 0.4512095890047503,
    "r2_adj": 0.33361164379148256,
    "f_pvalue": 0.03390748856812052,
    "n": 18,
    "df_resid": 14
  },
  "durbin_watson": 2.0688825484389537,
  "jarque_bera": {
    "stat": 0.793274447918708,
    "pvalue": 0.6725779765555673,
    "skew": 0.04878365887373215,
    "kurtosis": 1.976193435067358
  },
  "breusch_pagan": {
    "lm_stat": 0.6352928799626236,
    "lm_pvalue": 0.8883074452004477,
    "f_stat": 0.17073136252734347,
    "f_pvalue": 0.9143776592915679
  },
  "white_test": {
    "lm_stat": 2.3135780571980455,
    "lm_pvalue": 0.9698580724861277,
    "f_stat": 0.16592536678143738,
    "f_pvalue": 0.9905918195942817
  },
  "ramsey_reset": {
    "stat": 1.5215768960482479,
    "pvalue": 0.23921911233077434
  },
  "vif": {
    "trend": 1.0795854332748467,
    "sin12": 1.0641679316604429,
    "cos12": 1.0154175016144038
  },
  "chow_test_split_2026_01": {
    "split_t": 12,
    "f_stat": 1.1863612129500387,
    "pvalue": 0.3342334840580423
  },
  "chow_test_split_midpoint": {
    "split_t": 9,
    "f_stat": 0.18233392225621203,
    "pvalue": 0.8352704787287241
  }
}