{
  "n_obs": 18,
  "adf_stat": -1.0450824837908015,
  "adf_pvalue": 0.7364686145710646,
  "kpss_stat": 0.5987748600947921,
  "kpss_pvalue": 0.022747739991382535,
  "acf": [
    1.0,
    0.39299962809841743,
    0.33955027318902087,
    -0.15221232038774726,
    0.015825026890357363,
    0.03430604146747815,
    0.11548133529837469
  ],
  "pacf": [
    1.0,
    0.4161172532806773,
    0.2525746993614497,
    -0.525206930161363,
    0.28730187724339,
    0.4264325695314953,
    -0.45995909819337816
  ],
  "seasonal_decompose_error": "x must have 2 complete cycles requires 24 observations. x only has 18 observation(s)",
  "ljung_box_stat": 11.071350417059666,
  "ljung_box_pvalue": 0.08619613474896015,
  "durbin_watson": 2.0521200603707914,
  "jarque_bera_stat": 0.8895806392005913,
  "jarque_bera_pvalue": 0.6409586584108405,
  "skewness": 0.04993149146154398,
  "kurtosis": 1.9155024649286543,
  "breusch_pagan_stat": 0.11160520308776434,
  "breusch_pagan_pvalue": 0.7383239837724793,
  "white_test_stat": 0.37726326502375485,
  "white_test_pvalue": 0.8280914925008854,
  "ramsey_reset_stat": 0.7722966786863571,
  "ramsey_reset_pvalue": 0.39336775056967865,
  "trend_coef_per_month": 82560.44521155818,
  "trend_coef_pvalue": 0.002488535834434101,
  "trend_r2": 0.44513266023277165
}